strategy,length_km,buffer_hours,storage_cost_2023_usd_per_kg,annual_delivered_kg,required_buffer_kg,diameter_in,stations,segment_length_km,q_bar_a,draft_inlet_bar_a,pressure_swing_bar,raw_linepack_kg,credited_linepack_kg,external_storage_kg,gathering_stages,gathering_rating_unit_kw,enroute_stages,enroute_rating_unit_kw,compressor_capex_2018_usd,full_year_energy_kwh,pipeline_capex_2023_usd,compressor_capex_2023_usd,storage_capex_2023_usd,pipeline_lcot_2023_usd_per_kg,compressor_lcot_2023_usd_per_kg,electricity_lcot_2023_usd_per_kg,storage_lcot_2023_usd_per_kg,lcot_2023_usd_per_kg,annual_cost_2023_usd,service_closure_kg,infrastructure_response,uses_linepack,design_rank,gap_to_best_2023_usd_per_kg
Joint design,1200.0,72.0,600.0,500000000.0,4109589.04109589,42.0,4,240.0,21.278639881217984,24.008007952562476,47.89291443992875,4109589.0403727633,4109589.0403727633,0.0007231268100440502,2,19817.671124984532,1,1839.6240564040556,31101427.226072162,414023001.723935,1781237714.5235832,44995665.02118502,0.43387608602643013,0.37405992004995253,0.012688777535974177,0.08668488542767112,8.677521720528602e-11,0.4734335831003731,236716791.55018654,0.0,Diameter change,True,1,0.0
Joint design,1200.0,72.0,600.0,500000000.0,4109589.04109589,42.0,3,300.0,21.01325,24.414372588337756,47.69440345426975,4092555.235255702,4092555.235255702,17033.80584018817,2,19817.671124984532,1,2294.293981300593,29970380.4999395,406777121.5364245,1781237714.5235832,43359334.982616544,10220283.504112903,0.37405992004995253,0.012227332465097867,0.08516779992454297,0.0020440567008225808,0.47349910914041593,236749554.57020795,0.0,Diameter change,True,2,6.552604004284035e-05
Joint design,1200.0,72.0,600.0,500000000.0,4109589.04109589,42.0,5,200.0,21.59406517210168,23.860153524305474,47.89291445461225,4109589.041632723,4109589.04109589,0.0,2,19817.671124984532,1,1518.1212292237888,31858353.673040375,417559145.90411556,1781237714.5235832,46090740.45312232,0.0,0.37405992004995253,0.012997588807780494,0.0874252555323231,0.0,0.47448276439005616,237241382.19502807,0.0,Diameter change,True,3,0.0010491812896830655
Joint design,1200.0,72.0,600.0,500000000.0,4109589.04109589,42.0,6,171.42857142857142,21.81718254928213,23.75453590970911,47.89291444879923,4109589.04113392,4109589.04109589,0.0,2,19817.671124984532,1,1292.72892899083,32475285.731517322,420084576.6306479,1781237714.5235832,46983280.465587996,0.0,0.37405992004995253,0.013249285091295816,0.08795401038959778,0.0,0.4752632155308461,237631607.76542306,0.0,Diameter change,True,4,0.001829632430473016
Joint design,1200.0,72.0,600.0,500000000.0,4109589.04109589,42.0,7,150.0,21.983358532487365,23.67531433851986,47.89291443743342,4109589.040158644,4109589.040158644,0.0009372462518513203,2,19817.671124984532,1,1125.9053218447182,32996880.615022637,421988371.1137089,1781237714.5235832,47737892.41584907,0.5623477511107922,0.37405992004995253,0.013462085661269437,0.08835261193094891,1.1246955022215843e-10,0.4758746177546404,237937308.8773202,0.0,Diameter change,True,5,0.0024410346542673156
Joint design,1200.0,72.0,600.0,500000000.0,4109589.04109589,42.0,8,133.33333333333334,22.111932025430193,23.613690695474663,47.89291444458534,4109589.040772335,4109589.040772335,0.00032355496659874916,2,19817.671124984532,1,997.4233877612118,33449539.318200734,423482139.2507308,1781237714.5235832,48392771.66717975,0.1941329799592495,0.37405992004995253,0.01364676161014469,0.08866536537526017,3.88265959918499e-11,0.47637204707418396,238186023.53709197,0.0,Diameter change,True,6,0.0029384639738108675
Joint design,1200.0,72.0,600.0,500000000.0,4109589.04109589,42.0,9,120.0,22.214372567674452,23.564386559028403,47.89291444485828,4109589.0407957556,4109589.0407957556,0.0003001345321536064,2,19817.671124984532,1,895.4145259904453,33850095.26527339,424690922.2329587,1781237714.5235832,48972271.8002674,0.18008071929216385,0.37405992004995253,0.013810180647675408,0.08891845086540212,3.601614385843277e-11,0.47678855159904615,238394275.7995231,0.0,Diameter change,True,7,0.003354968498673061
Joint design,1200.0,72.0,600.0,500000000.0,4109589.04109589,42.0,2,400.0,21.01325,25.44726363787282,46.96099459686923,4029622.9823800516,4029622.9823800516,79966.05871583847,2,19817.671124984532,1,2943.371320565713,28132688.630056355,391601155.81074053,1781237714.5235832,40700673.46241145,47979635.22950308,0.37405992004995253,0.01147758991640003,0.0819903753739564,0.009595927045900617,0.47712381238620954,238561906.19310477,0.0,Diameter change,True,8,0.003690229285836455
Joint design,1200.0,72.0,600.0,500000000.0,4109589.04109589,42.0,10,109.0909090909091,22.29791443331206,23.52404286934594,47.892914454432265,4109589.041617279,4109589.04109589,0.0,2,19817.671124984532,1,812.4531962408857,34209909.06416989,425693389.6444628,1781237714.5235832,49492828.65598542,0.0,0.37405992004995253,0.01395697768098789,0.08912833962121854,0.0,0.4771452373521589,238572618.67607945,0.0,Diameter change,True,9,0.003711654251785823
Joint design,1200.0,72.0,600.0,500000000.0,4109589.04109589,42.0,11,100.0,22.36734677210446,23.49042016220225,47.89291445870274,4109589.0419837194,4109589.04109589,0.0,2,19817.671124984532,1,743.6548568782453,34536995.11061594,426541532.28461254,1781237714.5235832,49966036.97764895,0.0,0.37405992004995253,0.014090422427697005,0.08930591706807911,0.0,0.4774562595457286,238728129.7728643,0.0,Diameter change,True,10,0.004022676445355533
Joint design,1200.0,72.0,600.0,500000000.0,4109589.04109589,42.0,12,92.3076923076923,22.42596632697419,23.461967927429107,47.89291444929242,4109589.0411762395,4109589.04109589,0.0,2,19817.671124984532,1,685.6743189320739,34837211.708195895,427271101.6713115,1781237714.5235832,50400372.204785526,0.0,0.37405992004995253,0.01421290496174952,0.089458668578102,0.0,0.477731493589804,238865746.794902,0.0,Diameter change,True,11,0.004297910489430901
Joint design,1200.0,72.0,600.0,500000000.0,4109589.04109589,42.0,13,85.71428571428571,22.47611680518318,23.437578535094392,47.8929144560382,4109589.0417550807,4109589.04109589,0.0,2,19817.671124984532,1,636.1434342004171,35114967.6973912,427907501.4636661,1781237714.5235832,50802212.78131646,0.0,0.37405992004995253,0.014326224004331242,0.08959191296997575,0.0,0.4779780570242595,238989028.51212975,0.0,Diameter change,True,12,0.004544473923886405
Joint design,1200.0,72.0,600.0,500000000.0,4109589.04109589,42.0,14,80.0,22.519510182376518,23.416439718128384,47.89291443873954,4109589.040270719,4109589.040270719,0.0008251708932220936,2,19817.671124984532,1,593.3385506681236,35373662.59703748,428469285.0587882,1781237714.5235832,51176476.925613195,0.49510253593325615,0.37405992004995253,0.014431766493022923,0.08970953480831693,9.902050718665122e-11,0.47820122145031285,239100610.72515643,0.0,Diameter change,True,13,0.004767638349939762
Joint design,1200.0,72.0,600.0,500000000.0,4109589.04109589,42.0,15,75.0,22.557426006204697,23.39794213932754,47.89291445728702,4109589.041862239,4109589.04109589,0.0,2,19817.671124984532,1,555.9751768555523,35615972.31663379,428970325.72814626,1781237714.5235832,51527035.981796734,0.0,0.37405992004995253,0.014530624146866681,0.08981443876978058,0.0,0.4784049829665998,239202491.48329988,0.0,Diameter change,True,14,0.004971399866226689
Joint design,1200.0,72.0,600.0,500000000.0,4109589.04109589,42.0,16,70.58823529411765,22.590840016538557,23.381619916176227,47.89291443813702,4109589.0402190187,4109589.0402190187,0.0008768714033067226,2,19817.671124984532,1,523.076448616636,35844040.456441864,429421207.1182126,1781237714.5235832,51856991.181158334,0.5261228419840336,0.37405992004995253,0.014623671513086653,0.08990884077516827,1.0522456839680672e-10,0.478592432443432,239296216.22171602,0.0,Diameter change,True,15,0.0051588493430589355
Joint design,1200.0,72.0,600.0,500000000.0,4109589.04109589,42.0,17,66.66666666666667,22.62050905281802,23.367110540046937,47.89291445543976,4109589.04170373,4109589.04109589,0.0,2,19817.671124984532,1,493.88622651575696,36059610.91086085,429830149.40450615,1781237714.5235832,52168865.48470702,0.0,0.37405992004995253,0.014711620066687381,0.08999446190029001,0.0,0.4787660020169299,239383001.00846496,0.0,Diameter change,True,16,0.005332418916556836
Joint design,1200.0,72.0,600.0,500000000.0,4109589.04109589,42.0,18,63.1578947368421,22.647029395880363,23.35412791414899,47.89291445168814,4109589.0413818117,4109589.04109589,0.0,2,19817.671124984532,1,467.81006349217364,36264121.24120578,430203634.55010515,1781237714.5235832,52464738.669261664,0.0,0.37405992004995253,0.01479505630473179,0.09007265928768245,0.0,0.4789276356423668,239463817.82118338,0.0,Diameter change,True,17,0.005494052541993699
Joint design,1200.0,72.0,600.0,500000000.0,4109589.04109589,42.0,19,60.0,22.670877056543034,23.342443085007726,47.89291444303818,4109589.0406395765,4109589.0406395765,0.0004563136026263237,2,19817.671124984532,1,444.37417466487585,36458770.72567681,430546846.4105851,1781237714.5235832,52746345.77803327,0.2737881615757942,0.37405992004995253,0.014874469509405384,0.09014451829232528,5.475763231515884e-11,0.4790789079064408,239539453.9532204,0.0,Diameter change,True,18,0.00564532480606772
Joint design,1200.0,72.0,600.0,500000000.0,4109589.04109589,42.0,20,57.142857142857146,22.692436682480192,23.3318706898388,47.89291445077276,4109589.0413032644,4109589.04109589,0.0,2,19817.671124984532,1,423.1962918202321,36644570.33693212,430863981.53351164,1781237714.5235832,53015149.425156645,0.0,0.37405992004995253,0.014950272137894176,0.09021091755439892,0.0,0.4792211097422456,239610554.87112278,0.0,Diameter change,True,19,0.005787526641872487
Joint design,1200.0,72.0,600.0,500000000.0,4109589.04109589,42.0,21,54.54545454545455,22.71202253169126,23.32225910802406,47.89291444303802,4109589.0406395635,4109589.0406395635,0.0004563266411423683,2,19817.671124984532,1,403.96457756960484,36822380.2563801,431158474.33838093,1781237714.5235832,53272394.069100775,0.273795984685421,0.37405992004995253,0.01502281512748642,0.09027257614569234,5.47591969370842e-11,0.47935531137789045,239677655.68894523,0.0,Diameter change,True,20,0.005921728277517357
Joint design,1200.0,72.0,600.0,500000000.0,4109589.04109589,42.0,22,52.17391304347826,22.72989377835127,23.313483027700983,47.892914447543646,4109589.041026181,4109589.041026181,6.970902904868126e-05,2,19817.671124984532,1,386.4221186128265,36992938.664786085,431433164.78944075,1781237714.5235832,53519147.66517847,0.041825417429208755,0.37405992004995253,0.01509239964158033,0.09033008867562194,8.365083485841752e-12,0.47948240837551986,239741204.18775994,0.0,Diameter change,True,21,0.006048825275146774
Joint design,1200.0,72.0,600.0,500000000.0,4109589.04109589,42.0,23,50.0,22.746266151574858,23.305438050482834,47.892914453465835,4109589.0415343517,4109589.04109589,0.0,2,19817.671124984532,1,370.3553379677542,37156883.78321432,431690421.82366544,1781237714.5235832,53756333.55304896,0.0,0.37405992004995253,0.015159286061959808,0.09038395113361189,0.0,0.47960315724552416,239801578.62276208,0.0,Diameter change,True,22,0.006169574145151069
Joint design,1200.0,72.0,600.0,500000000.0,4109589.04109589,42.0,1,600.0,21.01325,27.396468790737547,45.53682310995849,3907417.85866471,3907417.85866471,202171.18243118003,2,19817.671124984532,1,4118.279337126649,25311754.24333143,364659001.8227721,1781237714.5235832,36619516.09978688,121302709.45870802,0.37405992004995253,0.010326703540139901,0.07634943870643526,0.024260541891741604,0.48499660418826923,242498302.09413463,0.0,Diameter change,True,23,0.011563021087896141
Joint design,1200.0,72.0,600.0,500000000.0,4109589.04109589,42.0,0,1200.0,21.01325,32.5511340638266,41.52894681903439,3563510.5255453098,3563510.5255453098,546078.5155505803,2,19817.671124984532,0,0.0,19857823.53684561,301917911.39976436,1781237714.5235832,28729098.81012402,327647109.3303482,0.37405992004995253,0.008101605864454974,0.063213201801047,0.06552942186606965,0.5109041495815241,255452074.79076207,0.0,Diameter change,True,24,0.03747056648115099
Joint design,1200.0,72.0,600.0,500000000.0,4109589.04109589,36.0,6,171.42857142857142,21.01325,25.169145069737173,47.15994545012397,2973081.696685108,2973081.696685108,1136507.3444107822,2,19817.671124984532,1,2770.492849611021,43476756.8604925,555165049.0963821,1645517409.009655,62899543.92389751,681904406.6464694,0.34555865589202756,0.017737671386539103,0.11623609913938071,0.13638088132929388,0.6159133077472413,307956653.8736206,0.0,Diameter change,True,25,0.1424797246468682
Joint design,1200.0,72.0,600.0,500000000.0,4109589.04109589,36.0,5,200.0,21.01325,25.796783937885955,46.7094442439589,2944680.966412838,2944680.966412838,1164908.074683052,2,19817.671124984532,1,3158.713660222043,41781988.5231743,542529491.0827652,1645517409.009655,60447655.53176115,698944844.8098313,0.34555865589202756,0.017046238859956646,0.1135905652097093,0.13978896896196624,0.6159844289236597,307992214.46182984,0.0,Diameter change,True,26,0.1425508458232866
Joint design,1200.0,72.0,600.0,500000000.0,4109589.04109589,36.0,7,150.0,21.01325,24.687946756344544,47.50161231054768,2994621.235787499,2994621.235787499,1114967.8053083909,2,19817.671124984532,1,2468.1042163911143,44914466.42592417,565125129.7460307,1645517409.009655,64979535.22248612,668980683.1850345,0.34555865589202756,0.018324228932741087,0.11832146262491199,0.1337961366370069,0.6160004840866876,308000242.0433438,0.0,Diameter change,True,27,0.14256690098631453
Joint design,1200.0,72.0,600.0,500000000.0,4109589.04109589,36.0,8,133.33333333333334,21.01325,24.307096348175374,47.76971244603563,3011522.943329571,3011522.943329571,1098066.0977663193,2,19817.671124984532,1,2225.7559378255937,46160269.30293245,573189174.2220559,1645517409.009655,66781887.52383974,658839658.6597916,0.34555865589202756,0.01883249228172281,0.12000984894300838,0.13176793173195833,0.616168928848717,308084464.4243585,0.0,Diameter change,True,28,0.1427353457483439
Joint design,1200.0,72.0,600.0,500000000.0,4109589.04109589,36.0,4,240.0,21.01325,26.650657379004087,46.08784930390891,2905494.056390451,2905494.056390451,1204094.9847054393,2,19817.671124984532,1,3676.0843333689386,39727710.96921759,525935294.08019495,1645517409.009655,57475650.9351075,722456990.8232635,0.34555865589202756,0.016208133563700315,0.11011620252951415,0.1444913981646527,0.6163743901498947,308187195.07494736,0.0,Diameter change,True,29,0.1429408070495216
Joint design,1200.0,72.0,600.0,500000000.0,4109589.04109589,36.0,9,120.0,21.01325,23.9980646542129,47.985737890785565,3025141.7312580585,3025141.7312580585,1084447.3098378316,2,19817.671124984532,1,2027.0955702298684,47257941.261724606,579859154.4552823,1645517409.009655,68369932.96631886,650668385.902699,0.34555865589202756,0.01928032109650192,0.12140635703534762,0.1301336771805398,0.616379011204417,308189505.6022085,0.0,Diameter change,True,30,0.14294542810404387
Joint design,1200.0,72.0,600.0,500000000.0,4109589.04109589,36.0,10,109.0909090909091,21.01325,23.742228866496937,48.16354063545201,3036350.86393925,3036350.86393925,1073238.1771566402,2,19817.671124984532,1,1861.2378062099344,48238183.790926665,585473445.0067039,1645517409.009655,69788088.60795194,643942906.2939842,0.34555865589202756,0.01968024098744245,0.12258183311078592,0.12878858125879683,0.6166093112490527,308304655.6245264,0.0,Diameter change,True,31,0.14317572814867963
Joint design,1200.0,72.0,600.0,500000000.0,4109589.04109589,36.0,11,100.0,21.01325,23.526907330761418,48.312454046953775,3045738.740322505,3045738.740322505,1063850.300773385,2,19817.671124984532,1,1720.6485098837682,49123283.79098497,590268677.334373,1645517409.009655,71068597.78919905,638310180.464031,0.34555865589202756,0.020041344576554133,0.12358582120611455,0.1276620360928062,0.6168478577675024,308423928.8837512,0.0,Diameter change,True,32,0.1434142746671293
Joint design,1200.0,72.0,600.0,500000000.0,4109589.04109589,36.0,12,92.3076923076923,21.01325,23.34316091272415,48.438998226460654,3053716.404001354,3053716.404001354,1055872.6370945363,2,19817.671124984532,1,1599.9435624185485,49929885.06095411,594415419.7153084,1645517409.009655,72235539.75251736,633523582.2567219,0.34555865589202756,0.020370422210209897,0.12445403356797058,0.12670471645134437,0.6170878281215525,308543914.06077623,0.0,Diameter change,True,33,0.1436542450211794
Joint design,1200.0,72.0,600.0,500000000.0,4109589.04109589,36.0,13,85.71428571428571,21.01325,23.184504945156526,48.547866627379065,3060579.742095335,3060579.742095335,1049009.2990005552,2,19817.671124984532,1,1495.1710453639143,50670716.06666858,598039787.3059254,1645517409.009655,73307329.27291891,629405579.4003332,0.34555865589202756,0.020672666854963134,0.12521287519761967,0.12588111588006665,0.617325313824677,308662656.9123385,0.0,Diameter change,True,34,0.14389173072430395
Joint design,1200.0,72.0,600.0,500000000.0,4109589.04109589,36.0,3,300.0,21.01325,27.882481140058292,45.17373027531984,2847865.691332989,2847865.691332989,1261723.3497629012,2,19817.671124984532,1,4401.779536789437,37140515.54310535,503098374.40294075,1645517409.009655,53732652.97261848,757034009.8577408,0.34555865589202756,0.015152608138278413,0.10533478759000389,0.15140680197154818,0.617452853591858,308726426.795929,0.0,Diameter change,True,35,0.14401927049148489
Joint design,1200.0,72.0,600.0,500000000.0,4109589.04109589,36.0,14,80.0,21.01325,23.04611962896766,48.64252437621617,3066547.204903676,3066547.204903676,1043041.8361922139,2,19817.671124984532,1,1403.3636401082254,51355709.86625536,601237071.091717,1645517409.009655,74298336.89850973,625825101.7153283,0.34555865589202756,0.020952131005379744,0.12588229737343373,0.12516502034306567,0.6175581046139066,308779052.3069533,0.0,Diameter change,True,36,0.1441245215135335
Joint design,1200.0,72.0,600.0,500000000.0,4109589.04109589,36.0,15,75.0,21.01325,22.92434721651418,48.72558571937034,3071783.60110127,3071783.60110127,1037805.4399946202,2,19817.671124984532,1,1322.2493492825079,51992754.325752825,604080632.2618887,1645517409.009655,75219974.31710127,622683263.996772,0.34555865589202756,0.021212032757422557,0.1264776598852182,0.12453665279935441,0.6177850013340228,308892500.6670114,0.0,Diameter change,True,37,0.14435141823364972
Joint design,1200.0,72.0,600.0,500000000.0,4109589.04109589,36.0,16,70.58823529411765,21.01325,22.81636126118495,48.79906026251004,3076415.6212890786,3076415.6212890786,1033173.4198068115,2,19817.671124984532,1,1250.0587298738901,52588209.04282251,606627879.3634591,1645517409.009655,76081442.21019179,619904051.8840868,0.34555865589202756,0.021454966703274087,0.12701098248380854,0.12398081037681738,0.6180054154559275,309002707.72796375,0.0,Diameter change,True,38,0.14457183235555437
Joint design,1200.0,72.0,600.0,500000000.0,4109589.04109589,36.0,17,66.66666666666667,21.01325,22.719942874509837,48.8645183280784,3080542.262547549,3080542.262547549,1029046.7785483412,2,19817.671124984532,1,1185.3929916256034,53147270.3375819,608924388.465651,1645517409.009655,76890258.29964173,617428067.1290047,0.34555865589202756,0.02168305284049897,0.12749180752874134,0.12348561342580094,0.6182191296870688,309109564.8435344,0.0,Diameter change,True,39,0.14478554658669573
Joint design,1200.0,72.0,600.0,500000000.0,4109589.04109589,36.0,18,63.1578947368421,21.01325,22.633325629001984,48.92320483225601,3084242.0075270557,3084242.0075270557,1025347.0335688344,2,19817.671124984532,1,1127.1316281254678,53674234.54334518,611006807.2655449,1645517409.009655,77652638.2608032,615208220.1413007,0.34555865589202756,0.021898043989546503,0.1279278080270943,0.12304164402826014,0.6184261519369285,309213075.96846426,0.0,Diameter change,True,40,0.14499256883655542
Joint design,1200.0,72.0,600.0,500000000.0,4109589.04109589,36.0,19,60.0,21.01325,22.5550857093282,48.97611946605933,3087577.8792662164,3087577.8792662164,1022011.1618296737,2,19817.671124984532,1,1074.3663965878688,54172691.56215797,612904942.7877381,1645517409.009655,78373775.74696837,613206697.0978042,0.34555865589202756,0.022101404760645083,0.12832522473964986,0.12264133941956085,0.6186266248118834,309313312.40594167,0.0,Diameter change,True,41,0.14519304171151026
Joint design,1200.0,72.0,600.0,500000000.0,4109589.04109589,36.0,20,57.142857142857146,21.01325,22.484062612337024,49.02407427104937,3090601.0709095313,3090601.0709095313,1018987.9701863588,2,19817.671124984532,1,1026.3532647736788,54645669.57249682,614643288.7708054,1645517409.009655,79058051.7437224,611392782.1118152,0.34555865589202756,0.022294370591729718,0.12868918597307985,0.12227855642236304,0.6188207688792002,309410384.4396001,0.0,Diameter change,True,42,0.14538718577882714
Joint design,1200.0,72.0,600.0,500000000.0,4109589.04109589,36.0,21,54.54545454545455,21.01325,22.41930091585842,49.06773571419902,3093353.598212947,3093353.598212947,1016235.442882943,2,19817.671124984532,1,982.4768614934908,55095744.86302148,616242160.8612297,1645517409.009655,79709193.46977745,609741265.7297658,0.34555865589202756,0.022477992558477242,0.129023945257938,0.12194825314595316,0.6190088468543959,309504423.427198,0.0,Diameter change,True,43,0.14557526375402285
Joint design,1200.0,72.0,600.0,500000000.0,4109589.04109589,36.0,22,52.17391304347826,21.01325,22.36000685792685,49.10765592336678,3095870.2687067674,3095870.2687067674,1013718.7723891228,2,19817.671124984532,1,942.2237887765339,55525126.33976023,617718552.3963099,1645517409.009655,80330396.63686047,608231263.4334737,0.34555865589202756,0.022653171851594656,0.12933306052576596,0.12164625268669474,0.6191911409560829,309595570.4780414,0.0,Diameter change,True,44,0.14575755785570976
Joint design,1200.0,72.0,600.0,500000000.0,4109589.04109589,36.0,23,50.0,21.01325,22.305515507523417,49.144296208274014,3098180.1645172755,3098180.1645172755,1011408.8765786146,2,19817.671124984532,1,905.1623188383585,55935721.35434467,619086787.9207252,1645517409.009655,80924420.68602446,606845325.9471687,0.34555865589202756,0.022820686633458896,0.12961953093726036,0.12136906518943376,0.6193679386521806,309683969.32609034,0.0,Diameter change,True,45,0.14593435555180756
Joint design,1200.0,72.0,600.0,500000000.0,4109589.04109589,36.0,2,400.0,21.01325,29.82266667341205,43.69320447514856,2754529.6173416707,2754529.6173416707,1355059.4237542194,2,19817.671124984532,1,5499.175585213553,33694463.17459086,469475400.5353147,1645517409.009655,48747112.698468134,813035654.2525316,0.34555865589202756,0.013746685780968016,0.09829507331008047,0.16260713085050635,0.6202075458335824,310103772.9167912,0.0,Diameter change,True,46,0.1467739627332093
Joint design,1200.0,72.0,600.0,500000000.0,4109589.04109589,36.0,1,600.0,21.01325,33.36628288390711,40.86404491480117,2576172.2756274766,2576172.2756274766,1533416.7654684135,2,19817.671124984532,1,7377.0077587548085,28667041.733120184,414305020.907055,1645517409.009655,41473743.23357408,920050059.281048,0.34555865589202756,0.01169559559186789,0.08674393238997845,0.18401001185620963,0.6280081957300835,314004097.86504173,0.0,Diameter change,True,47,0.1545746126297104
Joint design,1200.0,72.0,600.0,500000000.0,4109589.04109589,36.0,0,1200.0,21.01325,42.24998214692316,33.07838188547123,2085344.4761437108,2085344.4761437108,2024244.5649521793,2,19817.671124984532,0,0.0,19857823.53684561,301917911.39976436,1645517409.009655,28729098.81012402,1214546738.9713075,0.34555865589202756,0.008101605864454974,0.063213201801047,0.24290934779426152,0.6597828113517912,329891405.6758956,0.0,Diameter change,True,48,0.1863492282514181
Joint design,1200.0,72.0,600.0,500000000.0,4109589.04109589,30.0,4,240.0,26.440484832395448,37.09335640025964,36.43762339783551,1595221.8879935143,1595221.8879935143,2514367.1531023756,2,19817.671124984532,1,5328.708864706312,46823570.20979313,626644795.9550847,1276277666.450836,67741511.18343604,1508620291.8614254,0.26801830995467557,0.019103106153728965,0.1312019673183113,0.30172405837228505,0.7200474417990009,360023720.8995005,0.0,Station-count change,True,49,0.24661385869862784
Joint design,1200.0,72.0,600.0,500000000.0,4109589.04109589,30.0,5,200.0,27.50008503265512,36.335513654326114,36.80778560649206,1611427.4141034316,1611427.4141034316,2498161.6269924585,2,19817.671124984532,1,4352.0005728354745,48394114.8770284,633426824.6001015,1276277666.450836,70013680.27825129,1498896976.195475,0.26801830995467557,0.019743857838466865,0.13262193522737076,0.299779395239095,0.7201634982596082,360081749.12980413,0.0,Station-count change,True,50,0.24672991515923515
Joint design,1200.0,72.0,600.0,500000000.0,4109589.04109589,30.0,3,300.0,25.008201864755552,38.35925539017994,35.70197588274965,1563015.5883372445,1563015.5883372445,2546573.4527586456,2,19817.671124984532,1,6811.683594598997,44608035.52793458,613241467.6885672,1276277666.450836,64536209.521133035,1527944071.6551874,0.26801830995467557,0.01819921108495952,0.1283956836811832,0.30558881433103746,0.7202020190518558,360101009.5259279,0.0,Station-count change,True,51,0.24676843595148268
Joint design,1200.0,72.0,600.0,500000000.0,4109589.04109589,30.0,6,171.42857142857142,28.16766809151163,35.73316173751867,37.13261022853204,1625648.0821524947,1625648.0821524947,2483940.9589433954,2,19817.671124984532,1,3697.0929370560207,49802682.54719111,639864354.48092,1276277666.450836,72051510.84421264,1490364575.3660371,0.26801830995467557,0.020318526058067967,0.1339697746899909,0.29807291507320743,0.7203795257759419,360189762.8879709,0.0,Station-count change,True,52,0.2469459426755688
Joint design,1200.0,72.0,600.0,500000000.0,4109589.04109589,30.0,7,150.0,28.824343001079534,35.409799579131,37.22871306476623,1629855.4187887295,1629855.4187887295,2479733.622307161,2,19817.671124984532,1,3185.1568948781483,50762842.69004777,641594121.476161,1276277666.450836,73440612.50313762,1487840173.3842964,0.26801830995467557,0.02071025272588481,0.1343319397223072,0.2975680346768593,0.720628537079727,360314268.53986347,0.0,Station-count change,True,53,0.24719495397935387
Joint design,1200.0,72.0,600.0,500000000.0,4109589.04109589,30.0,8,133.33333333333334,29.277069262900202,35.11633098391156,37.348448321468375,1635097.371595869,1635097.371595869,2474491.6695000213,2,19817.671124984532,1,2806.982171202451,51690486.58047198,644028016.7177953,1276277666.450836,74782671.61345029,1484695001.7000127,0.26801830995467557,0.021088713394992985,0.13484152959843854,0.29693900034000253,0.7208875532881096,360443776.64405483,0.0,Station-count change,True,54,0.24745397018773652
Joint design,1200.0,72.0,600.0,500000000.0,4109589.04109589,30.0,9,120.0,29.722447048122092,34.9547247730646,37.36390991654328,1635774.2729024522,1635774.2729024522,2473814.7681934377,2,19817.671124984532,1,2497.0600943654845,52384053.397294015,644297420.6863292,1276277666.450836,75786082.16219105,1484288860.9160626,0.26801830995467557,0.02137167516973788,0.13489793528616334,0.2968577721832125,0.7211456925937894,360572846.29689467,0.0,Station-count change,True,55,0.24771210949341627
Joint design,1200.0,72.0,600.0,500000000.0,4109589.04109589,30.0,2,400.0,22.561810919948833,40.460660689470174,34.396989396357995,1505883.898273414,1505883.898273414,2603705.142822476,2,19817.671124984532,1,9491.13087005914,41533860.79521961,591108542.4318272,1276277666.450836,60088679.33274743,1562223085.6934857,0.26801830995467557,0.016945007571834775,0.12376166556607616,0.31244461713869714,0.7211696002312836,360584800.11564183,0.0,Station-count change,True,56,0.24773601713091054
Joint design,1200.0,72.0,600.0,500000000.0,4109589.04109589,30.0,10,109.0909090909091,29.963618416339607,34.71977687522934,37.48703109359054,1641164.459698032,1641164.459698032,2468424.5813978584,2,19817.671124984532,1,2264.849479405459,53210119.06506633,646962806.0013614,1276277666.450836,76981184.03974816,1481054748.838715,0.26801830995467557,0.021708693899208986,0.1354559927363342,0.29621094976774304,0.721393946357962,360696973.17898095,0.0,Station-count change,True,57,0.24796036325758886
Joint design,1200.0,72.0,600.0,500000000.0,4109589.04109589,30.0,11,100.0,30.19923244763666,34.554320689121056,37.556206246459865,1644192.91511505,1644192.91511505,2465396.12598084,2,19817.671124984532,1,2068.1081292598,53903153.37671204,648496866.7658067,1276277666.450836,77983824.19218646,1479237675.588504,0.26801830995467557,0.021991438422196585,0.13577718233462058,0.2958475351177008,0.7216344658291935,360817232.9145968,0.0,Station-count change,True,58,0.24820088272882046
Joint design,1200.0,72.0,600.0,500000000.0,4109589.04109589,30.0,12,92.3076923076923,30.43059007545957,34.443219512198404,37.58359834127547,1645392.128047539,1645392.128047539,2464196.913048351,2,19817.671124984532,1,1899.3397254435408,54486651.81461904,649150245.2060688,1276277666.450836,78827994.46326774,1478518147.8290107,0.26801830995467557,0.022229494438641507,0.13591398158248652,0.29570362956580215,0.7218654155416057,360932707.77080286,0.0,Station-count change,True,59,0.24843183244123257
Joint design,1200.0,72.0,600.0,500000000.0,4109589.04109589,30.0,13,85.71428571428571,30.658615508506692,34.37544713776826,37.57796460520147,1645145.4857515173,1645145.4857515173,2464443.555344373,2,19817.671124984532,1,1753.0296889449792,54978744.64651658,649109252.229424,1276277666.450836,79539924.6284798,1478666133.2066238,0.26801830995467557,0.022430258745231305,0.1359053987948902,0.29573322664132473,0.7220871941361219,361043597.06806093,0.0,Station-count change,True,60,0.2486536110357488
Joint design,1200.0,72.0,600.0,500000000.0,4109589.04109589,30.0,14,80.0,30.883983408965328,34.34277771953557,37.54577211917926,1643736.113966457,1643736.113966457,2465852.927129433,2,19817.671124984532,1,1625.0278942061627,55393691.69315513,648515165.2179275,1276277666.450836,80140244.93456616,1479511756.27766,0.26801830995467557,0.022599549071547657,0.13578101352085659,0.295902351255532,0.7223012238026119,361150611.9013059,0.0,Station-count change,True,61,0.24886764070223877
Joint design,1200.0,72.0,600.0,500000000.0,4109589.04109589,30.0,15,75.0,30.905318846115104,34.156175303672526,37.68375255985474,1649776.8322832722,1649776.8322832722,2459812.2088126177,2,19817.671124984532,1,1530.1059315395912,56093015.07785745,651580379.9289858,1276277666.450836,81151983.73776707,1475887325.2875707,0.26801830995467557,0.022884859414050315,0.13642278411073427,0.29517746505751413,0.7225034185369743,361251709.26848716,0.0,Station-count change,True,62,0.24906983543660122
Joint design,1200.0,72.0,600.0,500000000.0,4109589.04109589,30.0,16,70.58823529411765,31.1263802169794,34.1747804557053,37.61298140086452,1646678.5044744785,1646678.5044744785,2462910.5366214113,2,19817.671124984532,1,1428.6731040912978,56388535.53855092,650166297.9553058,1276277666.450836,81579524.8779088,1477746321.9728467,0.26801830995467557,0.023005426015570284,0.1361267147296531,0.29554926439456936,0.7226997150944684,361349857.5472342,0.0,Station-count change,True,63,0.2492661319940953
Joint design,1200.0,72.0,600.0,500000000.0,4109589.04109589,30.0,17,66.66666666666667,31.14340995995868,34.02817865398528,37.72079867608179,1651398.6936990214,1651398.6936990214,2458190.3473968687,2,19817.671124984532,1,1353.9906915055074,56994983.358918756,652589726.6675907,1276277666.450836,82456896.92838576,1474914208.4381213,0.26801830995467557,0.02325284493380479,0.1366341132060465,0.2949828416876243,0.7228881097821512,361444054.8910756,0.0,Station-count change,True,64,0.24945452668177814
Joint design,1200.0,72.0,600.0,500000000.0,4109589.04109589,30.0,18,63.1578947368421,31.361537775254657,34.08307516029845,37.62300151495254,1647117.180321662,1647117.180321662,2462471.8607742283,2,19817.671124984532,1,1271.5391451539247,57199136.274469145,650607115.5873659,1276277666.450836,82752253.02681917,1477483116.464537,0.26801830995467557,0.023336135353563006,0.13621900966440434,0.29549662329290743,0.7230700782655504,361535039.1327752,0.0,Station-count change,True,65,0.24963649516517727
Joint design,1200.0,72.0,600.0,500000000.0,4109589.04109589,30.0,19,60.0,31.375496032202456,33.96507344291911,37.70942552319781,1650900.7824544283,1650900.7824544283,2458688.258641462,2,19817.671124984532,1,1211.3908770234216,57733535.591143906,652568168.0463353,1276277666.450836,83525389.65704077,1475212955.1848772,0.26801830995467557,0.0235541598832855,0.13662959943119407,0.29504259103697544,0.7232446603061307,361622330.1530653,0.0,Station-count change,True,66,0.24981107720575757
Joint design,1200.0,72.0,600.0,500000000.0,4109589.04109589,30.0,20,57.142857142857146,31.38811361859876,33.85795008388379,37.78771925224068,1654328.4448158883,1654328.4448158883,2455260.596280002,2,19817.671124984532,1,1156.713358626795,58240834.99186939,654363442.5848331,1276277666.450836,84259319.76688978,1473156357.7680013,0.26801830995467557,0.023761128174262923,0.13700547991858947,0.29463127155360025,0.7234161896011282,361708094.8005641,0.0,Station-count change,True,67,0.2499826065007551
Joint design,1200.0,72.0,600.0,500000000.0,4109589.04109589,30.0,21,54.54545454545455,31.603228277989132,33.94976106577989,37.66265952605325,1648853.3892574483,1648853.3892574483,2460735.651838442,2,19817.671124984532,1,1093.6186555652243,58342901.91470707,651799803.3611186,1276277666.450836,84406984.02153522,1476441391.103065,0.26801830995467557,0.023802769494072933,0.13646872526616619,0.295288278220613,0.7235780829355277,361789041.46776384,0.0,Station-count change,True,68,0.25014449983515463
Joint design,1200.0,72.0,600.0,500000000.0,4109589.04109589,30.0,1,600.0,21.01325,46.19092229782678,29.302243225458604,1282838.3248326215,1282838.3248326215,2826750.7162632686,2,19817.671124984532,2,12418.64427463331,33377985.32282856,491113257.21852577,1276277666.450836,48289251.67167309,1696050429.7579613,0.26801830995467557,0.013617568971411814,0.1028254378542591,0.33921008595159224,0.7236714027319389,361835701.3659694,0.0,Station-count change,True,69,0.25023781963156577
Joint design,1200.0,72.0,600.0,500000000.0,4109589.04109589,30.0,22,52.17391304347826,31.613890197964793,33.86107453779798,37.72729292673228,1651683.0089154849,1651683.0089154849,2457906.032180405,2,19817.671124984532,1,1048.3639831147095,58798164.17438242,653293053.7056198,1276277666.450836,85065629.94103718,1474743619.308243,0.26801830995467557,0.023988507643372486,0.13678137029914486,0.2949487238616486,0.7237369117588415,361868455.87942076,0.0,Station-count change,True,70,0.2503033286584684
Joint design,1200.0,72.0,600.0,500000000.0,4109589.04109589,30.0,23,50.0,31.623657038852443,33.7795708001312,37.78659774562384,1654279.3457875797,1654279.3457875797,2455309.6953083104,2,19817.671124984532,1,1006.7313023430978,59233689.580307394,654676559.7407858,1276277666.450836,85695721.77350421,1473185817.1849864,0.26801830995467557,0.02416619354012819,0.1370710379302849,0.2946371634369973,0.723892704862086,361946352.431043,0.0,Station-count change,True,71,0.2504591217617129
Joint design,1200.0,72.0,600.0,500000000.0,4109589.04109589,30.0,0,1200.0,21.01325,61.851806197436495,11.97194024252829,524125.87144105503,524125.87144105503,3585463.169654835,2,19817.671124984532,0,0.0,19857823.53684561,301917911.39976436,1276277666.450836,28729098.81012402,2151277901.792901,0.26801830995467557,0.008101605864454974,0.063213201801047,0.43025558035858025,0.7695886979787577,384794348.98937887,0.0,Transport assets retained,True,72,0.29615511487838464
Joint design,1200.0,72.0,600.0,500000000.0,4109589.04109589,24.0,17,66.66666666666667,52.754285884372074,58.04773182970373,13.401296717894482,375489.54924476583,375489.54924476583,3734099.4918511244,2,19817.671124984532,1,1481.3661955761477,59845359.125064805,685578874.6088078,1062110998.049659,86580648.29920697,2240459695.110675,0.22304330959042842,0.02441574282037637,0.1435411219899393,0.448091939022135,0.8390921134228791,419546056.71143955,0.0,Diameter change,True,73,0.36565853032250606
Joint design,1200.0,72.0,600.0,500000000.0,4109589.04109589,24.0,18,63.1578947368421,52.91983218457239,57.9324038839456,13.49702090789399,378171.6354421964,378171.6354421964,3731417.4056536937,2,19817.671124984532,1,1401.4336212727098,60309291.1230971,686227569.4906876,1062110998.049659,87251837.07213154,2238850443.392216,0.22304330959042842,0.024605018054341097,0.14367694063112377,0.44777008867844326,0.8390953569543367,419547678.4771683,0.0,Diameter change,True,74,0.3656617738539636
Joint design,1200.0,72.0,600.0,500000000.0,4109589.04109589,24.0,16,70.58823529411765,52.56856122420206,58.176280056880515,13.294223417367114,372489.47349109,372489.47349109,3737099.5676048,2,19817.671124984532,1,1571.0541106582994,59357457.189892426,684872596.8777943,1062110998.049659,85874781.27006301,2242259740.56288,0.22304330959042842,0.024216688318157775,0.14339324710391102,0.448451948112576,0.8391051931250731,419552596.5625366,0.0,Diameter change,True,75,0.36567161002470006
Joint design,1200.0,72.0,600.0,500000000.0,4109589.04109589,24.0,19,60.0,53.26026839510335,58.00455354350442,13.399375350989772,375435.7146638167,375435.7146638167,3734153.3264320735,2,19817.671124984532,1,1321.0275358561337,60531130.45187694,684303690.6482773,1062110998.049659,87572780.80419071,2240491995.859244,0.22304330959042842,0.02469552418678178,0.1432741339843031,0.4480983991718488,0.8391113669333621,419555683.46668106,0.0,Diameter change,True,76,0.365677783832989
Joint design,1200.0,72.0,600.0,500000000.0,4109589.04109589,24.0,20,57.142857142857146,53.39501236844712,57.911679514344684,13.476049007131827,377584.0259197928,377584.0259197928,3732005.0151760974,2,19817.671124984532,1,1256.7466165037854,60950754.52708334,684843141.3327439,1062110998.049659,88179867.55251148,2239203009.1056585,0.22304330959042842,0.02486672264980824,0.14338707993315658,0.4478406018211317,0.839137713994525,419568856.9972625,0.0,Diameter change,True,77,0.3657041308941519
Joint design,1200.0,72.0,600.0,500000000.0,4109589.04109589,24.0,15,75.0,52.35872403121636,58.320459831911535,13.173654264046057,369111.2588312433,369111.2588312433,3740477.7822646466,2,19817.671124984532,1,1672.4074757909905,58842685.97327679,684099376.3022621,1062110998.049659,85130041.38860933,2244286669.358788,0.22304330959042842,0.024006671671587838,0.14323135625069455,0.44885733387175764,0.8391386713844684,419569335.6922342,0.0,Diameter change,True,78,0.3657050882840953
Joint design,1200.0,72.0,600.0,500000000.0,4109589.04109589,24.0,21,54.54545454545455,53.51717318854189,57.82708276298204,13.545710687217444,379535.86934253067,379535.86934253067,3730053.1717533595,2,19817.671124984532,1,1198.4727452716352,61352924.69557355,685345817.8696253,1062110998.049659,88761703.04357633,2238031903.052016,0.22304330959042842,0.02503080025828853,0.14349232639971835,0.4476063806104032,0.8391728168588385,419586408.4294192,0.0,Diameter change,True,79,0.3657392337584654
Joint design,1200.0,72.0,600.0,500000000.0,4109589.04109589,24.0,14,80.0,52.119744522858625,58.483306667901566,13.036864284632848,365278.554519691,365278.554519691,3744310.486576199,2,19817.671124984532,1,1787.8722889304756,58297583.83686038,683247750.555301,1062110998.049659,84341420.56570499,2246586291.9457192,0.22304330959042842,0.023784280599528806,0.14305304953827716,0.4493172583891439,0.8391978981173782,419598949.0586891,0.0,Diameter change,True,80,0.3657643150170051
Joint design,1200.0,72.0,600.0,500000000.0,4109589.04109589,24.0,22,52.17391304347826,53.62843592906758,57.74970395926868,13.609280470466693,381317.0245367124,381317.0245367124,3728272.0165591775,2,19817.671124984532,1,1145.3996900905804,61739179.42730418,685816047.5289063,1062110998.049659,89320513.04272743,2236963209.9355063,0.22304330959042842,0.025188384678049135,0.14359077939380258,0.4473926419871013,0.8392151156493814,419607557.8246907,0.0,Diameter change,True,81,0.36578153254900836
Joint design,1200.0,72.0,600.0,500000000.0,4109589.04109589,24.0,23,50.0,53.73019747249011,57.67865713576503,13.667524172129923,382948.94880077784,382948.94880077784,3726640.092295112,2,19817.671124984532,1,1096.8595528909498,62110859.68614261,686257498.7327532,1062110998.049659,89858237.57543509,2235984055.377067,0.22304330959042842,0.025340022996272697,0.14368320698084008,0.4471968110754135,0.8392633506429545,419631675.3214773,0.0,Diameter change,True,82,0.36582976754258145
Joint design,1200.0,72.0,600.0,500000000.0,4109589.04109589,24.0,13,85.71428571428571,51.84508657135288,58.6686962451817,12.88034137920203,360892.95539119607,360892.95539119607,3748696.085704694,2,19817.671124984532,1,1920.6335824081311,57717974.22583903,682303567.6860913,1062110998.049659,83502876.41430627,2249217651.4228163,0.22304330959042842,0.02354781114883437,0.14285536394230924,0.4498435302845633,0.8392900149661353,419645007.48306763,0.0,Diameter change,True,83,0.3658564318657622
Joint design,1200.0,72.0,600.0,500000000.0,4109589.04109589,24.0,12,92.3076923076923,51.52609673603523,58.881656558742996,12.699479729193861,355825.41149101884,355825.41149101884,3753763.6296048714,2,19817.671124984532,1,2074.91915167353,57098759.34577121,681249217.8761495,1062110998.049659,82607033.75354539,2252258177.762923,0.22304330959042842,0.023295183518499803,0.14263461245725909,0.4504516355525846,0.8394247411187717,419712370.5593859,0.0,Diameter change,True,84,0.36599115801839865
Joint design,1200.0,72.0,600.0,500000000.0,4109589.04109589,24.0,11,100.0,51.15106874676996,59.12883028643047,12.488117639655663,349903.27892438765,349903.27892438765,3759685.762171502,2,19817.671124984532,1,2256.467626834967,56433637.13326222,680062642.7420555,1062110998.049659,81644775.13902381,2255811457.3029013,0.22304330959042842,0.023023826589204717,0.14238617667199602,0.4511622914605803,0.8396156043122094,419807802.1561047,0.0,Diameter change,True,85,0.3661820212118363
Joint design,1200.0,72.0,600.0,500000000.0,4109589.04109589,24.0,10,109.0909090909091,50.70376197011146,59.41917895335222,12.237819100163648,342890.1899861371,342890.1899861371,3766698.851109753,2,19817.671124984532,1,2473.27583893459,55714707.52294478,678716108.7748427,1062110998.049659,80604671.23367837,2260019310.6658516,0.22304330959042842,0.022730517287897305,0.14210424996216037,0.45200386213317034,0.8398819389736564,419940969.4868282,0.0,Diameter change,True,86,0.3664483558732833
Joint design,1200.0,72.0,600.0,500000000.0,4109589.04109589,24.0,9,120.0,50.16096013325277,59.76509019499114,11.93671612033453,334453.6166789195,334453.6166789195,3775135.4244169705,2,19817.671124984532,1,2736.843496567572,54931918.54021697,677174852.7378294,1062110998.049659,79472179.4482349,2265081254.6501822,0.22304330959042842,0.022411154604402243,0.1417815538741969,0.4530162509300365,0.840252268999064,420126134.499532,0.0,Diameter change,True,87,0.36681868589869093
Joint design,1200.0,72.0,600.0,500000000.0,4109589.04109589,24.0,8,133.33333333333334,49.48825243255272,60.18418489631924,11.567562417065915,324110.3371769232,324110.3371769232,3785478.703918967,2,19817.671124984532,1,3064.3546469922844,54072284.761683114,675396126.4627545,1062110998.049659,78228513.2570133,2271287222.3513803,0.22304330959042842,0.022060440738477755,0.14140913813226944,0.4542574444702761,0.8407703329314518,420385166.4657259,0.0,Diameter change,True,88,0.36733674983107867
Joint design,1200.0,72.0,600.0,500000000.0,4109589.04109589,24.0,7,150.0,48.63230499550303,60.70239859208773,11.104289853586643,311129.95104712265,311129.95104712265,3798459.0900487676,2,19817.671124984532,1,3482.75082354149,53118807.01939655,673330573.1381369,1062110998.049659,76849079.29132323,2279075454.0292606,0.22304330959042842,0.021671440360153154,0.14097666879471166,0.4558150908058522,0.8415065095511454,420753254.77557266,0.0,Diameter change,True,89,0.3680729264507723
Joint design,1200.0,72.0,600.0,500000000.0,4109589.04109589,24.0,6,171.42857142857142,47.664262224077646,61.48241804290298,10.367020744237259,290472.48398484685,290472.48398484685,3819116.5571110435,2,19817.671124984532,1,4015.5910572560992,51908785.293006666,668977852.2160785,1062110998.049659,75098492.99593438,2291469934.266626,0.22304330959042842,0.021177775024853497,0.14006533026314177,0.4582939868533252,0.8425804017317489,421290200.8658744,0.0,Diameter change,True,90,0.3691468186313758
Joint design,1200.0,72.0,600.0,500000000.0,4109589.04109589,24.0,5,200.0,46.252190300460285,62.440680503974434,9.447367642066489,264704.8186562705,264704.8186562705,3844884.2224396197,2,19817.671124984532,1,4760.9274050926,50581782.86536456,664576381.5616007,1062110998.049659,73178666.09273589,2306930533.463772,0.22304330959042842,0.02063638383815152,0.1391437848953531,0.46138610669275437,0.8442095850166874,422104792.5083437,0.0,Diameter change,True,91,0.3707760019163143
Joint design,1200.0,72.0,600.0,500000000.0,4109589.04109589,24.0,4,240.0,44.48622302250021,63.95711225390756,7.897451637088572,221277.8821196514,221277.8821196514,3888311.1589762387,2,19817.671124984532,1,5805.691091127918,48793638.16841711,655711678.066064,1062110998.049659,70591686.42751308,2332986695.385743,0.22304330959042842,0.01990685557255869,0.1372877628780709,0.4665973390771487,0.8468352671182068,423417633.55910337,0.0,Diameter change,True,92,0.3734016840178337
Joint design,1200.0,72.0,600.0,500000000.0,4109589.04109589,24.0,3,300.0,42.002844212542726,66.35961974919134,5.259047673466306,147352.71384072836,147352.71384072836,3962236.327255162,2,19817.671124984532,1,7404.032997167655,46365083.57528539,640314410.81814,1062110998.049659,67078200.43332015,2377341796.353097,0.22304330959042842,0.018916052522196285,0.1340640039522915,0.47546835927061937,0.8514917253355355,425745862.66776776,0.0,Diameter change,True,93,0.37805814223516243
Joint design,1200.0,72.0,600.0,500000000.0,4109589.04109589,24.0,2,400.0,32.076404091764445,67.43917739620646,4.210575997096477,117975.69418036037,117975.69418036037,3991613.3469155296,2,19817.671124984532,2,11793.72635323558,45773876.04633842,661267625.6757424,1062110998.049659,66222877.11528925,2394968008.1493177,0.22304330959042842,0.01867485134651157,0.13845102356644262,0.47899360162986354,0.8591627861332461,429581393.0666231,0.0,Diameter change,True,94,0.38572920303287306
Joint design,1200.0,72.0,600.0,500000000.0,4109589.04109589,20.0,23,50.0,61.51316488633042,70.02728884360707,0.9252216174740511,18002.561794436573,18002.561794436573,4091586.4793014536,2,19817.671124984532,1,2029.0274653361262,89935230.67507713,1012889135.2535431,891399727.538275,130112855.7105717,2454951887.580872,0.18719394278303778,0.036691825310381225,0.2120707745096046,0.4909903775161744,0.9269469201191981,463473460.05959904,0.0,Diameter change,True,95,0.453513337018825
Joint design,1200.0,72.0,600.0,500000000.0,4109589.04109589,20.0,22,52.17391304347826,61.11866787834263,70.02954265941807,0.9200470106191148,17901.876533836814,17901.876533836814,4091687.1645620535,2,19817.671124984532,1,2131.6786528849884,89665338.54578322,1016382450.5023644,891399727.538275,129722392.09122427,2455012298.737232,0.18719394278303778,0.03658171456972525,0.212802177428877,0.4910024597474465,0.9275802945290866,463790147.2645433,0.0,Diameter change,True,96,0.45414671142871355
Joint design,1200.0,72.0,600.0,500000000.0,4109589.04109589,20.0,21,54.54545454545455,60.68536151863292,70.03198286922918,0.9143915365662849,17791.83476742104,17791.83476742104,4091797.206328469,2,19817.671124984532,1,2245.382325215828,89402106.84912322,1020284054.959249,891399727.538275,129341564.3832295,2455078323.7970815,0.18719394278303778,0.03647432115607072,0.21361906473687894,0.4910156647594163,0.9283029934354038,464151496.7177019,0.0,Diameter change,True,97,0.4548694103350307
Joint design,1200.0,72.0,600.0,500000000.0,4109589.04109589,20.0,20,57.142857142857146,60.207183677226936,70.03463285304757,0.9081850061276242,17671.07078434844,17671.07078434844,4091917.9703115416,2,19817.671124984532,1,2372.038651530497,89148294.63220766,1024667775.3095787,891399727.538275,128974364.2091795,2455150782.186925,0.18719394278303778,0.036370770706988624,0.21453689368535037,0.491030156437385,0.9291317636127617,464565881.80638087,0.0,Diameter change,True,98,0.45569818051238864
Joint design,1200.0,72.0,600.0,500000000.0,4109589.04109589,20.0,19,60.0,59.67673008153241,70.03751985448797,0.9013429077167814,17537.940194748626,17537.940194748626,4092051.1009011413,2,19817.671124984532,1,2514.0134270684125,88907526.66283819,1029626424.0976193,891399727.538275,128626035.66403486,2455230660.5406847,0.18719394278303778,0.03627254205725783,0.21557509663609845,0.49104613210813697,0.930087713584531,465043856.79226553,0.0,Diameter change,True,99,0.4566541304841579
Joint design,1200.0,72.0,600.0,500000000.0,4109589.04109589,20.0,18,63.1578947368421,59.08485752254546,70.04067572474727,0.8937625739440875,17390.445340988143,17390.445340988143,4092198.595754902,2,19817.671124984532,1,2674.2912902244516,88684617.27057226,1035278347.2999237,891399727.538275,128303543.82880275,2455319157.452941,0.18719394278303778,0.03618159935972238,0.21675845194050838,0.4910638314905882,0.9311978255738567,465598912.78692836,0.0,Diameter change,True,100,0.4577642424734836
Joint design,1200.0,72.0,600.0,500000000.0,4109589.04109589,20.0,17,66.66666666666667,58.42013581206832,70.044137795902,0.885318056495862,17226.13557529015,17226.13557529015,4092362.9055206,2,19817.671124984532,1,2856.6942983768404,88486044.38276325,1041776893.8593802,891399727.538275,128016260.5772273,2455417743.31236,0.18719394278303778,0.0361005854827781,0.21811906659623345,0.491083548662472,0.9324971435245214,466248571.7622607,0.0,Diameter change,True,101,0.4590635604241483
Joint design,1200.0,72.0,600.0,500000000.0,4109589.04109589,20.0,16,70.58823529411765,57.66807573218057,70.04794987131699,0.8758531777644123,17041.972061358254,17041.972061358254,4092547.0690345317,2,19817.671124984532,1,3066.201227653297,88320660.19168973,1049324457.6047838,891399727.538275,127776992.72603667,2455528241.420719,0.18719394278303778,0.03603311194874235,0.21969931623406547,0.4911056482841439,0.9340320192499895,467016009.62499475,0.0,Diameter change,True,102,0.4605984361496164
Joint design,1200.0,72.0,600.0,500000000.0,4109589.04109589,20.0,15,75.0,56.81001659987935,70.05216326965369,0.8651719678663596,16834.14170201796,16834.14170201796,4092754.8993938724,2,19817.671124984532,1,3309.4269176544635,88200786.36024578,1058193906.1472366,891399727.538275,127603566.5123375,2455652939.6363235,0.18719394278303778,0.03598420575647918,0.22155633173201553,0.4911305879272647,0.9358650681987972,467932534.0993986,0.0,Diameter change,True,103,0.46243148509842413
Joint design,1200.0,72.0,600.0,500000000.0,4109589.04109589,20.0,14,80.0,55.821481065420926,70.0568377380974,0.8530252900453092,16597.796902090387,16597.796902090387,4092991.2441938,2,19817.671124984532,1,3595.365112177299,88143957.02669302,1068762393.7605016,891399727.538275,127521349.26753615,2455794746.5162797,0.18719394278303778,0.0359610204934452,0.22376907869072313,0.491158949303256,0.938082991270462,469041495.635231,0.0,Diameter change,True,104,0.46464940817008893
Joint design,1200.0,72.0,600.0,500000000.0,4109589.04109589,20.0,13,85.71428571428571,54.669666617427865,70.06204176897394,0.8390918180204139,16326.685433873674,16326.685433873674,4093262.355662016,2,19817.671124984532,1,3936.583635697527,88175800.34269714,1081566858.240172,891399727.538275,127567418.25239883,2455957413.3972096,0.18719394278303778,0.03597401194717647,0.22644997693009922,0.4911914826794419,0.9408094143397554,470404707.1698777,0.0,Diameter change,True,105,0.4673758312393823
Joint design,1200.0,72.0,600.0,500000000.0,4109589.04109589,20.0,12,92.3076923076923,53.172048499890664,69.96334706591063,0.9416773516506325,18322.750347959034,18322.750347959034,4091266.290747931,2,19817.671124984532,1,4357.064671984293,88410463.75919811,1098465108.4762669,891399727.538275,127906915.0994359,2454759774.4487586,0.18719394278303778,0.036069750058040924,0.22998799988907656,0.49095195488975174,0.9442036476199069,472101823.80995345,0.0,Diameter change,True,106,0.47077006451953385
Joint design,1200.0,72.0,600.0,500000000.0,4109589.04109589,20.0,11,100.0,51.54649474339553,69.97817214844285,0.9147705360628962,17799.209175594115,17799.209175594115,4091789.831920296,2,19817.671124984532,1,4870.63279904743,88729005.63149056,1118151261.8627388,891399727.538275,128367762.22637664,2455073899.152178,0.18719394278303778,0.036199708947838215,0.23410973212064895,0.49101477983043557,0.9485181636819606,474259081.8409803,0.0,Diameter change,True,107,0.47508458058158753
Joint design,1200.0,72.0,600.0,500000000.0,4109589.04109589,20.0,10,109.0909090909091,49.5559525704898,69.99516754081176,0.8827597682920896,17176.357510655074,17176.357510655074,4092412.683585235,2,19817.671124984532,1,5527.062281332432,89329452.041414,1143953834.607975,891399727.538275,129236451.7989709,2455447610.151141,0.18719394278303778,0.03644467940730979,0.23951207221491103,0.49108952203022826,0.9542402164354868,477120108.2177434,0.0,Diameter change,True,108,0.48080663333511375
Joint design,1200.0,72.0,600.0,500000000.0,4109589.04109589,20.0,9,120.0,47.0550322000108,70.01471419374283,0.8440806193746155,16423.755371457253,16423.755371457253,4093165.2857244327,2,19817.671124984532,1,6403.114991057118,90425403.542315,1179868495.564883,891399727.538275,130822008.18696418,2455899171.4346595,0.18719394278303778,0.03689180630872391,0.24703160194456383,0.4911798342869319,0.9622971853232575,481148592.6616287,0.0,Diameter change,True,109,0.4888636022228844
Joint design,1200.0,72.0,600.0,500000000.0,4109589.04109589,20.0,8,133.33333333333334,43.80252733927078,70.03712832383381,0.7965159440501637,15498.262505111885,15498.262505111885,4094090.7785907784,2,19817.671124984532,1,7635.078268198962,92353140.82187483,1232467972.3308659,891399727.538275,133610941.96319972,2456454467.154467,0.18719394278303778,0.03767828563362233,0.2580444674086303,0.49129089343089344,0.9742075892561839,487103794.62809193,0.0,Diameter change,True,110,0.5007740061558108
Joint design,1200.0,72.0,600.0,500000000.0,4109589.04109589,20.0,7,150.0,39.277267979230785,70.01827593758368,0.7933260634896584,15436.195189754351,15436.195189754351,4094152.8459061356,2,19817.671124984532,1,9518.539292294185,95904105.78846858,1317008049.492772,891399727.538275,138748263.44293153,2456491707.543681,0.18719394278303778,0.0391270102909067,0.27574480500415544,0.49129834150873625,0.9933640995868362,496682049.7934181,0.0,Diameter change,True,111,0.5199305164864632
Joint design,1200.0,72.0,600.0,500000000.0,4109589.04109589,20.0,6,171.42857142857142,32.59834195172142,70.01775771584553,0.7575038878063367,14739.18279924106,14739.18279924106,4094849.858296649,2,19817.671124984532,2,12169.410458141281,99637324.6605465,1414307848.234383,891399727.538275,144149258.85699305,2456909914.9779897,0.18719394278303778,0.04065009099767204,0.29611667292195765,0.49138198299559793,1.0153426896982654,507671344.8491327,0.0,Diameter change,True,112,0.5419091065978923
Joint design,1200.0,72.0,600.0,500000000.0,4109589.04109589,18.0,23,50.0,54.62211953447349,70.06225098284204,0.8385218086784789,13215.631495427888,13215.631495427888,4096373.4096004623,2,19817.671124984532,1,3950.8610072025726,141088539.79404485,1686299608.3235457,920921248.6111956,204118371.4417828,2457824045.7602773,0.19339346220835107,0.057561380746582756,0.35306417212472146,0.4915648091520555,1.0955838242317109,547791912.1158555,0.0,Diameter change,True,113,0.6221502411313378
Joint design,1200.0,72.0,600.0,500000000.0,4109589.04109589,18.0,22,52.17391304347826,53.85479155148046,70.06556583673269,0.8293803899390184,13071.556982212176,13071.556982212176,4096517.484113678,2,19817.671124984532,1,4183.433902669205,141403459.47511655,1704059444.8300412,920921248.6111956,204573978.2014045,2457910490.468207,0.19339346220835107,0.05768986185279608,0.3567825872523096,0.4915820980936414,1.0994480094070982,549724004.7035491,0.0,Diameter change,True,114,0.6260144263067251
Joint design,1200.0,72.0,600.0,500000000.0,4109589.04109589,18.0,21,54.54545454545455,53.00493360786356,70.06910206013357,0.8193839743242037,12914.00718008033,12914.00718008033,4096675.03391581,2,19817.671124984532,1,4445.88223135533,141832754.72447798,1724290946.6695497,920921248.6111956,205195056.61992994,2458005020.349486,0.19339346220835107,0.057865005966820246,0.3610185002612127,0.49160100406989715,1.103877972506281,551938986.2531406,0.0,Diameter change,True,115,0.630444389405908
Joint design,1200.0,72.0,600.0,500000000.0,4109589.04109589,18.0,20,57.142857142857146,52.05808528064903,70.072874581056,0.8084087448199355,12741.03065495602,12741.03065495602,4096848.010440934,2,19817.671124984532,1,4744.52145615062,142405230.59890702,1747552970.734701,920921248.6111956,206023280.1124173,2458108806.26456,0.19339346220835107,0.058098564991701684,0.36588892021978275,0.49162176125291207,1.1090027086727476,554501354.3363738,0.0,Diameter change,True,116,0.6355691255723745
Joint design,1200.0,72.0,600.0,500000000.0,4109589.04109589,18.0,19,60.0,50.99607530500073,70.07689619929407,0.7963066396090568,12550.29385940632,12550.29385940632,4097038.7472364837,2,19817.671124984532,1,5087.63547050983,143159468.19705534,1774589298.7243838,920921248.6111956,207114465.4804063,2458223248.3418903,0.19339346220835107,0.058406279265474585,0.37154957430038216,0.4916446496683781,1.114993965442586,557496982.721293,0.0,Diameter change,True,117,0.6415603823422129
Joint design,1200.0,72.0,600.0,500000000.0,4109589.04109589,18.0,18,63.1578947368421,49.673218112605525,69.9942016560371,0.8846161216541475,13942.10688106086,13942.10688106086,4095646.9342148295,2,19817.671124984532,1,5487.506045542925,144170186.53534278,1806735221.4192574,920921248.6111956,208576711.68054938,2457388160.528898,0.19339346220835107,0.058818632693914935,0.37828003520272097,0.4914776321057796,1.1219697622107665,560984881.1053833,0.0,Diameter change,True,118,0.6485361791103934
Joint design,1200.0,72.0,600.0,500000000.0,4109589.04109589,18.0,17,66.66666666666667,48.31008677196908,70.00515631752495,0.8632711370750954,13605.696488924588,13605.696488924588,4095983.3446069653,2,19817.671124984532,1,5955.901381975876,145446102.25762928,1844444578.8847163,920921248.6111956,210422629.42631572,2457590006.764179,0.19339346220835107,0.05933918149822104,0.38617532439639723,0.4915180013528359,1.1304259694558052,565212984.7279027,0.0,Diameter change,True,119,0.6569923863554321
Joint design,1200.0,72.0,600.0,500000000.0,4109589.04109589,18.0,16,70.58823529411765,46.739030576489995,70.01704092373754,0.8393203401575633,13228.216854157805,13228.216854157805,4096360.8242417322,2,19817.671124984532,1,6518.069570791328,147160848.3299275,1890739878.4295254,920921248.6111956,212903420.3978903,2457816494.545039,0.19339346220835107,0.06003876455220507,0.3958682707307108,0.49156329890900785,1.1408637964002748,570431898.2001374,0.0,Diameter change,True,120,0.6674302132999017
Joint design,1200.0,72.0,600.0,500000000.0,4109589.04109589,18.0,15,75.0,44.90516387392051,70.02991038163849,0.8122799870915216,12802.043869831652,12802.043869831652,4096786.9972260585,2,19817.671124984532,1,7204.948988930921,149455899.0418854,1948405384.696326,920921248.6111956,216223761.04628733,2458072198.335635,0.19339346220835107,0.060975100615053034,0.40794182167607435,0.4916144396671271,1.1539248241666056,576962412.0833027,0.0,Diameter change,True,121,0.6804912410662325
Joint design,1200.0,72.0,600.0,500000000.0,4109589.04109589,18.0,14,80.0,42.73056260568511,70.0437712658983,0.7815589439225405,12317.860892746961,12317.860892746961,4097271.180203143,2,19817.671124984532,1,8066.449983145484,152591222.74696332,2022386478.2396986,920921248.6111956,220759757.87180933,2458362708.121886,0.19339346220835107,0.06225425171985023,0.4234314021846886,0.4916725416243772,1.1707516577372672,585375828.8686336,0.0,Diameter change,True,122,0.6973180746368941
Joint design,1200.0,72.0,600.0,500000000.0,4109589.04109589,18.0,13,85.71428571428571,40.0176888455439,70.0118610235893,0.8058079578847526,12700.040615844608,12700.040615844608,4096889.0004800456,2,19817.671124984532,1,9185.489256020113,157009417.19697243,2121124027.009452,920921248.6111956,227151734.54947177,2458133400.2880273,0.19339346220835107,0.06405678914295104,0.4441042949149873,0.4916266800576055,1.193181226323895,596590613.1619475,0.0,Diameter change,True,123,0.7197476432235219
Joint design,1200.0,72.0,600.0,500000000.0,4109589.04109589,18.0,12,92.3076923076923,36.69173419361837,70.00281167101761,0.7992318254749478,12596.396629852057,12596.396629852057,4096992.644466038,2,19817.671124984532,1,10713.91724235213,163545519.88138843,2260608312.2972536,920921248.6111956,236607772.8461809,2458195586.6796227,0.19339346220835107,0.06672339194262301,0.47330841941721946,0.4916391173359246,1.2250643909041181,612532195.452059,0.0,Diameter change,True,124,0.751630807803745
Joint design,1200.0,72.0,600.0,500000000.0,4109589.04109589,18.0,11,100.0,32.44137403807953,70.01948935951664,0.7543028838942192,11888.288230922879,11888.288230922879,4097700.752864967,2,19817.671124984532,2,12251.005528947002,166926372.49891797,2354973377.0855613,920921248.6111956,241498986.06152913,2458620451.7189803,0.19339346220835107,0.06810271406935123,0.49306583578174196,0.49172409034379605,1.2462861024032403,623143051.2016202,0.0,Diameter change,True,125,0.7728525193028672
Joint design,1200.0,72.0,600.0,500000000.0,4109589.04109589,18.0,10,109.0909090909091,26.469307614630868,70.00668824531509,0.7435371588142559,11718.61362739395,11718.61362739395,4097870.4274684964,2,19817.671124984532,2,15626.67529940692,183186009.4615873,2682607922.2311497,920921248.6111956,265022446.02432597,2458722256.4810977,0.19339346220835107,0.07473632977885993,0.5616633844440984,0.4917444512962196,1.321537627727529,660768813.8637645,0.0,Diameter change,True,126,0.8481040446271559
Joint design,1200.0,72.0,600.0,500000000.0,4109589.04109589,16.0,23,50.0,37.056354912893184,70.03604725981927,0.7573667806544364,9431.369617676624,9431.369617676624,4100157.6714782133,2,19817.671124984532,1,10567.008891227782,292149449.6615891,4004597826.88598,821235099.1239275,422664165.1376259,2460094602.886928,0.17245937081602478,0.1191912945688105,0.8384512511673904,0.49201892057738567,1.6221208371296112,811060418.5648056,0.0,Diameter change,True,127,1.148687254029238
Joint design,1200.0,72.0,600.0,500000000.0,4109589.04109589,16.0,22,52.17391304347826,34.89281455454848,70.02101644312742,0.7652634099957112,9529.705103142462,9529.705103142462,4100059.3359927475,2,19817.671124984532,1,11636.042647387641,301795692.7867293,4201914674.8859324,821235099.1239275,436619766.63516307,2460035601.5956483,0.17245937081602478,0.123126774191116,0.8797639035818813,0.4920071203191297,1.6673571689081519,833678584.4540759,0.0,Diameter change,True,128,1.1939235858077788
Joint design,1200.0,72.0,600.0,500000000.0,4109589.04109589,16.0,21,54.54545454545455,32.40118234160952,70.01992995807339,0.7534862501340669,9383.045980325307,9383.045980325307,4100205.9951155647,2,19817.671124984532,2,12271.969687167883,301020167.0833225,4228094509.0543795,821235099.1239275,435497782.9232208,2460123597.069339,0.17245937081602478,0.12281037478434828,0.8852452317108929,0.4920247194138678,1.6725396967251336,836269848.3625668,0.0,Diameter change,True,129,1.1991061136247605
Joint design,1200.0,72.0,600.0,500000000.0,4109589.04109589,16.0,20,57.142857142857146,29.428936961691697,70.01778562383912,0.741429285222857,9232.902489153541,9232.902489153541,4100356.1386067364,2,19817.671124984532,2,13866.81369512494,315939605.00317013,4527075753.810007,821235099.1239275,457082323.9176313,2460213683.164042,0.17245937081602478,0.12889721534477205,0.947843577307028,0.49204273663280845,1.741242900100633,870621450.0503166,0.0,Diameter change,True,130,1.26780931700026
Joint design,1200.0,72.0,600.0,500000000.0,4109589.04109589,16.0,19,60.0,25.760429690786523,70.01320667897707,0.7307939705736999,9100.462585504984,9100.462585504984,4100488.578510385,2,19817.671124984532,2,16096.009320400368,337827131.9502399,4961082765.812698,821235099.1239275,488747874.93861216,2460293147.106231,0.17245937081602478,0.13782690073268863,1.038712557903775,0.4920586294212463,1.8410574588737347,920528729.4368674,0.0,Diameter change,True,131,1.3676238757733616
Joint design,1200.0,72.0,600.0,500000000.0,4109589.04109589,16.0,18,63.1578947368421,21.01325,70.02050987805438,0.6994267971129702,8709.852098847134,8709.852098847134,4100879.188997043,2,19817.671124984532,2,19598.83653912667,374049041.5364717,5676430164.42497,821235099.1239275,541151544.3368918,2460527513.398226,0.17245937081602478,0.15260473550300352,1.1884863797240288,0.4921055026796452,2.005655988722702,1002827994.361351,0.0,Diameter change,True,132,1.5322224056223288
