strategy,length_km,buffer_hours,storage_cost_2023_usd_per_kg,annual_delivered_kg,required_buffer_kg,diameter_in,stations,segment_length_km,q_bar_a,draft_inlet_bar_a,pressure_swing_bar,raw_linepack_kg,credited_linepack_kg,external_storage_kg,gathering_stages,gathering_rating_unit_kw,enroute_stages,enroute_rating_unit_kw,compressor_capex_2018_usd,full_year_energy_kwh,pipeline_capex_2023_usd,compressor_capex_2023_usd,storage_capex_2023_usd,pipeline_lcot_2023_usd_per_kg,compressor_lcot_2023_usd_per_kg,electricity_lcot_2023_usd_per_kg,storage_lcot_2023_usd_per_kg,lcot_2023_usd_per_kg,annual_cost_2023_usd,service_closure_kg,infrastructure_response,uses_linepack,delta_embedded_2023_usd_per_kg,delta_redesign_2023_usd_per_kg,delta_joint_vs_external_storage_only_2023_usd_per_kg,joint_saving_vs_external_storage_only_percent
External storage only,1200.0,0.0,600.0,500000000.0,0.0,30.0,0,1200.0,,,0.0,0.0,0.0,0.0,2,19817.671124984532,0,0.0,19857823.53684561,301917911.39976436,1276277666.450836,28729098.81012402,0.0,0.26801830995467557,0.008101605864454974,0.063213201801047,0.0,0.3393331176201775,169666558.81008875,0.0,Transport assets retained,False,0.0,0.0,0.0,0.0
Linepack without redesign,1200.0,0.0,600.0,500000000.0,0.0,30.0,0,1200.0,,,0.0,0.0,0.0,0.0,2,19817.671124984532,0,0.0,19857823.53684561,301917911.39976436,1276277666.450836,28729098.81012402,0.0,0.26801830995467557,0.008101605864454974,0.063213201801047,0.0,0.3393331176201775,169666558.81008875,0.0,Transport assets retained,False,0.0,0.0,0.0,0.0
Joint design,1200.0,0.0,600.0,500000000.0,0.0,30.0,0,1200.0,,,0.0,0.0,0.0,0.0,2,19817.671124984532,0,0.0,19857823.53684561,301917911.39976436,1276277666.450836,28729098.81012402,0.0,0.26801830995467557,0.008101605864454974,0.063213201801047,0.0,0.3393331176201775,169666558.81008875,0.0,Transport assets retained,False,0.0,0.0,0.0,0.0
External storage only,1200.0,3.0,600.0,500000000.0,171232.87671232875,30.0,0,1200.0,,,0.0,0.0,0.0,171232.87671232875,2,19817.671124984532,0,0.0,19857823.53684561,301917911.39976436,1276277666.450836,28729098.81012402,102739726.02739725,0.26801830995467557,0.008101605864454974,0.063213201801047,0.02054794520547945,0.35988106282565696,179940531.41282848,0.0,Transport assets retained,False,0.02054794520547948,0.0,0.02054794520547948,5.709648916823905
Linepack without redesign,1200.0,3.0,600.0,500000000.0,171232.87671232875,30.0,0,1200.0,34.48398500399789,67.6256939046003,3.911254694931607,171232.8773682569,171232.87671232875,0.0,2,19817.671124984532,0,0.0,19857823.53684561,301917911.39976436,1276277666.450836,28729098.81012402,0.0,0.26801830995467557,0.008101605864454974,0.063213201801047,0.0,0.3393331176201775,169666558.81008875,0.0,Transport assets retained,True,0.02054794520547948,0.0,0.02054794520547948,5.709648916823905
Joint design,1200.0,3.0,600.0,500000000.0,171232.87671232875,30.0,0,1200.0,34.48398500399789,67.6256939046003,3.911254694931607,171232.8773682569,171232.87671232875,0.0,2,19817.671124984532,0,0.0,19857823.53684561,301917911.39976436,1276277666.450836,28729098.81012402,0.0,0.26801830995467557,0.008101605864454974,0.063213201801047,0.0,0.3393331176201775,169666558.81008875,0.0,Transport assets retained,True,0.02054794520547948,0.0,0.02054794520547948,5.709648916823905
External storage only,1200.0,6.0,600.0,500000000.0,342465.7534246575,30.0,0,1200.0,,,0.0,0.0,0.0,342465.7534246575,2,19817.671124984532,0,0.0,19857823.53684561,301917911.39976436,1276277666.450836,28729098.81012402,205479452.0547945,0.26801830995467557,0.008101605864454974,0.063213201801047,0.0410958904109589,0.3804290080311364,190214504.0155682,0.0,Transport assets retained,False,0.0410958904109589,0.0,0.0410958904109589,10.802512306736448
Linepack without redesign,1200.0,6.0,600.0,500000000.0,342465.7534246575,30.0,0,1200.0,28.33555570037111,64.7069777626152,7.8679570240203915,344455.4306265543,342465.7534246575,0.0,2,19817.671124984532,0,0.0,19857823.53684561,301917911.39976436,1276277666.450836,28729098.81012402,0.0,0.26801830995467557,0.008101605864454974,0.063213201801047,0.0,0.3393331176201775,169666558.81008875,0.0,Transport assets retained,True,0.0410958904109589,0.0,0.0410958904109589,10.802512306736448
Joint design,1200.0,6.0,600.0,500000000.0,342465.7534246575,30.0,0,1200.0,28.33555570037111,64.7069777626152,7.8679570240203915,344455.4306265543,342465.7534246575,0.0,2,19817.671124984532,0,0.0,19857823.53684561,301917911.39976436,1276277666.450836,28729098.81012402,0.0,0.26801830995467557,0.008101605864454974,0.063213201801047,0.0,0.3393331176201775,169666558.81008875,0.0,Transport assets retained,True,0.0410958904109589,0.0,0.0410958904109589,10.802512306736448
External storage only,1200.0,9.0,600.0,500000000.0,513698.63013698626,30.0,0,1200.0,,,0.0,0.0,0.0,513698.63013698626,2,19817.671124984532,0,0.0,19857823.53684561,301917911.39976436,1276277666.450836,28729098.81012402,308219178.08219177,0.26801830995467557,0.008101605864454974,0.063213201801047,0.06164383561643836,0.4009769532366159,200488476.61830795,0.0,Transport assets retained,False,0.061643835600371955,0.0,0.061643835600371955,15.373411140663741
Linepack without redesign,1200.0,9.0,600.0,500000000.0,513698.63013698626,30.0,0,1200.0,21.479475020554503,62.01174970504677,11.733764036789019,513698.63000309933,513698.63000309933,0.0001338869333267212,2,19817.671124984532,0,0.0,19857823.53684561,301917911.39976436,1276277666.450836,28729098.81012402,0.08033215999603271,0.26801830995467557,0.008101605864454974,0.063213201801047,1.6066431999206544e-11,0.33933311763624396,169666558.81812197,0.0,Transport assets retained,True,0.061643835600371955,0.0,0.061643835600371955,15.373411140663741
Joint design,1200.0,9.0,600.0,500000000.0,513698.63013698626,30.0,0,1200.0,21.479475020554503,62.01174970504677,11.733764036789019,513698.63000309933,513698.63000309933,0.0001338869333267212,2,19817.671124984532,0,0.0,19857823.53684561,301917911.39976436,1276277666.450836,28729098.81012402,0.08033215999603271,0.26801830995467557,0.008101605864454974,0.063213201801047,1.6066431999206544e-11,0.33933311763624396,169666558.81812197,0.0,Transport assets retained,True,0.061643835600371955,0.0,0.061643835600371955,15.373411140663741
External storage only,1200.0,12.0,600.0,500000000.0,684931.506849315,30.0,0,1200.0,,,0.0,0.0,0.0,684931.506849315,2,19817.671124984532,0,0.0,19857823.53684561,301917911.39976436,1276277666.450836,28729098.81012402,410958904.109589,0.26801830995467557,0.008101605864454974,0.063213201801047,0.0821917808219178,0.4215248984420953,210762449.22104764,0.0,Transport assets retained,False,0.06289510457292657,0.0,0.06289510457292657,14.920851604585927
Linepack without redesign,1200.0,12.0,600.0,500000000.0,684931.506849315,30.0,0,1200.0,21.01325,61.851806197436495,11.97194024252829,524125.87144105503,524125.87144105503,160805.63540826,2,19817.671124984532,0,0.0,19857823.53684561,301917911.39976436,1276277666.450836,28729098.81012402,96483381.24495599,0.26801830995467557,0.008101605864454974,0.063213201801047,0.019296676248991198,0.3586297938691687,179314896.93458435,0.0,Transport assets retained,True,0.06289510457292657,0.0,0.06289510457292657,14.920851604585927
Joint design,1200.0,12.0,600.0,500000000.0,684931.506849315,30.0,0,1200.0,21.01325,61.851806197436495,11.97194024252829,524125.87144105503,524125.87144105503,160805.63540826,2,19817.671124984532,0,0.0,19857823.53684561,301917911.39976436,1276277666.450836,28729098.81012402,96483381.24495599,0.26801830995467557,0.008101605864454974,0.063213201801047,0.019296676248991198,0.3586297938691687,179314896.93458435,0.0,Transport assets retained,True,0.06289510457292657,0.0,0.06289510457292657,14.920851604585927
External storage only,1200.0,15.0,600.0,500000000.0,856164.3835616438,30.0,0,1200.0,,,0.0,0.0,0.0,856164.3835616438,2,19817.671124984532,0,0.0,19857823.53684561,301917911.39976436,1276277666.450836,28729098.81012402,513698630.13698626,0.26801830995467557,0.008101605864454974,0.063213201801047,0.10273972602739725,0.44207284364757476,221036421.8237874,0.0,Transport assets retained,False,0.06289510457292663,0.01387011048860598,0.07676521506153261,17.36483391020749
Linepack without redesign,1200.0,15.0,600.0,500000000.0,856164.3835616438,30.0,0,1200.0,21.01325,61.851806197436495,11.97194024252829,524125.87144105503,524125.87144105503,332038.51212058874,2,19817.671124984532,0,0.0,19857823.53684561,301917911.39976436,1276277666.450836,28729098.81012402,199223107.27235323,0.26801830995467557,0.008101605864454974,0.063213201801047,0.03984462145447065,0.37917773907464813,189588869.53732407,0.0,Transport assets retained,True,0.06289510457292663,0.01387011048860598,0.07676521506153261,17.36483391020749
Joint design,1200.0,15.0,600.0,500000000.0,856164.3835616438,30.0,1,600.0,34.66716428630524,53.794580645405624,19.556273394282904,856164.3833224992,856164.3833224992,0.00023914454504847527,2,19817.671124984532,1,7056.795521247889,28351301.53011517,409426657.07999307,1276277666.450836,41016949.392414756,0.14348672702908516,0.26801830995467557,0.011566779728660962,0.08572253887400823,2.8697345405817032e-11,0.36530762858604215,182653814.29302108,0.0,Station-count change,True,0.06289510457292663,0.01387011048860598,0.07676521506153261,17.36483391020749
External storage only,1200.0,18.0,600.0,500000000.0,1027397.2602739725,30.0,0,1200.0,,,0.0,0.0,0.0,1027397.2602739725,2,19817.671124984532,0,0.0,19857823.53684561,301917911.39976436,1276277666.450836,28729098.81012402,616438356.1643835,0.26801830995467557,0.008101605864454974,0.063213201801047,0.12328767123287672,0.46262078885305424,231310394.4265271,0.0,Transport assets retained,False,0.06289510457292657,0.028330533047715212,0.09122563762064179,19.719312192349072
Linepack without redesign,1200.0,18.0,600.0,500000000.0,1027397.2602739725,30.0,0,1200.0,21.01325,61.851806197436495,11.97194024252829,524125.87144105503,524125.87144105503,503271.3888329175,2,19817.671124984532,0,0.0,19857823.53684561,301917911.39976436,1276277666.450836,28729098.81012402,301962833.2997505,0.26801830995467557,0.008101605864454974,0.063213201801047,0.06039256665995011,0.39972568428012767,199862842.14006382,0.0,Transport assets retained,True,0.06289510457292657,0.028330533047715212,0.09122563762064179,19.719312192349072
Joint design,1200.0,18.0,600.0,500000000.0,1027397.2602739725,30.0,1,600.0,29.529239888929347,50.636159368373384,23.46752807929259,1027397.2602563791,1027397.2602563791,1.759338192641735e-05,2,19817.671124984532,1,8754.509073539728,29999074.32617029,435290953.9809957,1276277666.450836,43400847.47604239,0.01055602915585041,0.26801830995467557,0.012239038988243954,0.09113780228738169,2.1112058311700822e-12,0.37139515123241246,185697575.61620623,0.0,Station-count change,True,0.06289510457292657,0.028330533047715212,0.09122563762064179,19.719312192349072
External storage only,1200.0,21.0,600.0,500000000.0,1198630.1369863013,30.0,0,1200.0,,,0.0,0.0,0.0,1198630.1369863013,2,19817.671124984532,0,0.0,19857823.53684561,301917911.39976436,1276277666.450836,28729098.81012402,719178082.1917808,0.26801830995467557,0.008101605864454974,0.063213201801047,0.14383561643835616,0.48316873405853367,241584367.02926683,0.0,Transport assets retained,False,0.06289510457292663,0.039710217872622244,0.10260532244554887,21.235919299595803
Linepack without redesign,1200.0,21.0,600.0,500000000.0,1198630.1369863013,30.0,0,1200.0,21.01325,61.851806197436495,11.97194024252829,524125.87144105503,524125.87144105503,674504.2655452462,2,19817.671124984532,0,0.0,19857823.53684561,301917911.39976436,1276277666.450836,28729098.81012402,404702559.3271477,0.26801830995467557,0.008101605864454974,0.063213201801047,0.08094051186542955,0.42027362948560704,210136814.7428035,0.0,Transport assets retained,True,0.06289510457292663,0.039710217872622244,0.10260532244554887,21.235919299595803
Joint design,1200.0,21.0,600.0,500000000.0,1198630.1369863013,30.0,1,600.0,23.980596741976793,47.614216860751576,27.378782766390678,1198630.1372816882,1198630.1369863013,0.0,2,19817.671124984532,1,11323.12134011424,32389034.38100766,474423203.46828735,1276277666.450836,46858497.2250329,0.0,0.26801830995467557,0.01321409621745928,0.09933100544084988,0.0,0.3805634116129848,190281705.8064924,0.0,Station-count change,True,0.06289510457292663,0.039710217872622244,0.10260532244554887,21.235919299595803
External storage only,1200.0,24.0,600.0,500000000.0,1369863.01369863,30.0,0,1200.0,,,0.0,0.0,0.0,1369863.01369863,2,19817.671124984532,0,0.0,19857823.53684561,301917911.39976436,1276277666.450836,28729098.81012402,821917808.219178,0.26801830995467557,0.008101605864454974,0.063213201801047,0.1643835616438356,0.5037166792640131,251858339.63200656,0.0,Transport assets retained,False,0.06289510457292657,0.04591729524681898,0.10881239981974555,21.60190525728327
Linepack without redesign,1200.0,24.0,600.0,500000000.0,1369863.01369863,30.0,0,1200.0,21.01325,61.851806197436495,11.97194024252829,524125.87144105503,524125.87144105503,845737.142257575,2,19817.671124984532,0,0.0,19857823.53684561,301917911.39976436,1276277666.450836,28729098.81012402,507442285.354545,0.26801830995467557,0.008101605864454974,0.063213201801047,0.101488457070909,0.4408215746910865,220410787.34554327,0.0,Transport assets retained,True,0.06289510457292657,0.04591729524681898,0.10881239981974555,21.60190525728327
Joint design,1200.0,24.0,600.0,500000000.0,1369863.01369863,30.0,1,600.0,21.01325,46.19092229782678,29.302243225458604,1282838.3248326215,1282838.3248326215,87024.68886600854,2,19817.671124984532,2,12418.64427463331,33377985.32282856,491113257.21852577,1276277666.450836,48289251.67167309,52214813.31960513,0.26801830995467557,0.013617568971411814,0.1028254378542591,0.010442962663921026,0.39490427944426754,197452139.72213376,0.0,Station-count change,True,0.06289510457292657,0.04591729524681898,0.10881239981974555,21.60190525728327
External storage only,1200.0,27.0,600.0,500000000.0,1541095.8904109588,30.0,0,1200.0,,,0.0,0.0,0.0,1541095.8904109588,2,19817.671124984532,0,0.0,19857823.53684561,301917911.39976436,1276277666.450836,28729098.81012402,924657534.2465752,0.26801830995467557,0.008101605864454974,0.063213201801047,0.18493150684931506,0.5242646244694925,262132312.23474628,0.0,Transport assets retained,False,0.06289510457292652,0.04930455224619801,0.11219965681912453,21.4013403884842
Linepack without redesign,1200.0,27.0,600.0,500000000.0,1541095.8904109588,30.0,0,1200.0,21.01325,61.851806197436495,11.97194024252829,524125.87144105503,524125.87144105503,1016970.0189699037,2,19817.671124984532,0,0.0,19857823.53684561,301917911.39976436,1276277666.450836,28729098.81012402,610182011.3819423,0.26801830995467557,0.008101605864454974,0.063213201801047,0.12203640227638847,0.461369519896566,230684759.948283,0.0,Transport assets retained,True,0.06289510457292652,0.04930455224619801,0.11219965681912453,21.4013403884842
Joint design,1200.0,27.0,600.0,500000000.0,1541095.8904109588,30.0,3,300.0,25.639798833209007,38.773980938099605,35.20129211947594,1541095.8904080805,1541095.8904080805,2.8782524168491364e-06,2,19817.671124984532,1,6575.567163089743,43900189.09220661,602449920.1754138,1276277666.450836,63512140.08287408,0.0017269514501094818,0.26801830995467557,0.017910423503370493,0.1261362341919765,3.4539029002189635e-13,0.412064967650368,206032483.825184,0.0,Station-count change,True,0.06289510457292652,0.04930455224619801,0.11219965681912453,21.4013403884842
External storage only,1200.0,30.0,600.0,500000000.0,1712328.7671232875,30.0,0,1200.0,,,0.0,0.0,0.0,1712328.7671232875,2,19817.671124984532,0,0.0,19857823.53684561,301917911.39976436,1276277666.450836,28729098.81012402,1027397260.2739725,0.26801830995467557,0.008101605864454974,0.063213201801047,0.2054794520547945,0.544812569674972,272406284.837486,0.0,Transport assets retained,False,0.06289510457292663,0.06504400154451584,0.12793910611744247,23.483141402880854
Linepack without redesign,1200.0,30.0,600.0,500000000.0,1712328.7671232875,30.0,0,1200.0,21.01325,61.851806197436495,11.97194024252829,524125.87144105503,524125.87144105503,1188202.8956822325,2,19817.671124984532,0,0.0,19857823.53684561,301917911.39976436,1276277666.450836,28729098.81012402,712921737.4093394,0.26801830995467557,0.008101605864454974,0.063213201801047,0.14258434748186788,0.4819174651020454,240958732.5510227,0.0,Transport assets retained,True,0.06289510457292663,0.06504400154451584,0.12793910611744247,23.483141402880854
Joint design,1200.0,30.0,600.0,500000000.0,1712328.7671232875,36.0,0,1200.0,29.228044758824325,46.8805174489005,27.1614908419974,1712328.7676917864,1712328.7671232875,0.0,2,19817.671124984532,0,0.0,19857823.53684561,301917911.39976436,1645517409.009655,28729098.81012402,0.0,0.34555865589202756,0.008101605864454974,0.063213201801047,0.0,0.4168734635575296,208436731.77876478,0.0,Diameter change,True,0.06289510457292663,0.06504400154451584,0.12793910611744247,23.483141402880854
External storage only,1200.0,33.0,600.0,500000000.0,1883561.6438356163,30.0,0,1200.0,,,0.0,0.0,0.0,1883561.6438356163,2,19817.671124984532,0,0.0,19857823.53684561,301917911.39976436,1276277666.450836,28729098.81012402,1130136986.3013697,0.26801830995467557,0.008101605864454974,0.063213201801047,0.22602739726027393,0.5653605148804515,282680257.4402257,0.0,Transport assets retained,False,0.06289510457292657,0.08559194670259568,0.14848705127552225,26.26413542638729
Linepack without redesign,1200.0,33.0,600.0,500000000.0,1883561.6438356163,30.0,0,1200.0,21.01325,61.851806197436495,11.97194024252829,524125.87144105503,524125.87144105503,1359435.7723945612,2,19817.671124984532,0,0.0,19857823.53684561,301917911.39976436,1276277666.450836,28729098.81012402,815661463.4367367,0.26801830995467557,0.008101605864454974,0.063213201801047,0.16313229268734736,0.5024654103075249,251232705.15376243,0.0,Transport assets retained,True,0.06289510457292657,0.08559194670259568,0.14848705127552225,26.26413542638729
Joint design,1200.0,33.0,600.0,500000000.0,1883561.6438356163,36.0,0,1200.0,25.600845136794746,44.70914433950814,29.877639910012093,1883561.643440619,1883561.643440619,0.0003949971869587898,2,19817.671124984532,0,0.0,19857823.53684561,301917911.39976436,1645517409.009655,28729098.81012402,0.2369983121752739,0.34555865589202756,0.008101605864454974,0.063213201801047,4.739966243505478e-11,0.4168734636049292,208436731.8024646,0.0,Diameter change,True,0.06289510457292657,0.08559194670259568,0.14848705127552225,26.26413542638729
External storage only,1200.0,36.0,600.0,500000000.0,2054794.520547945,30.0,0,1200.0,,,0.0,0.0,0.0,2054794.520547945,2,19817.671124984532,0,0.0,19857823.53684561,301917911.39976436,1276277666.450836,28729098.81012402,1232876712.328767,0.26801830995467557,0.008101605864454974,0.063213201801047,0.24657534246575344,0.5859084600859309,292954230.0429655,0.0,Transport assets retained,False,0.06289510457292657,0.10613989195547474,0.16903499652840132,28.850069258875386
Linepack without redesign,1200.0,36.0,600.0,500000000.0,2054794.520547945,30.0,0,1200.0,21.01325,61.851806197436495,11.97194024252829,524125.87144105503,524125.87144105503,1530668.64910689,2,19817.671124984532,0,0.0,19857823.53684561,301917911.39976436,1276277666.450836,28729098.81012402,918401189.464134,0.26801830995467557,0.008101605864454974,0.063213201801047,0.1836802378928268,0.5230133555130043,261506677.75650215,0.0,Transport assets retained,True,0.06289510457292657,0.10613989195547474,0.16903499652840132,28.850069258875386
Joint design,1200.0,36.0,600.0,500000000.0,2054794.520547945,36.0,0,1200.0,21.736547288325347,42.61433800812151,32.59378900472751,2054794.5208727326,2054794.520547945,0.0,2,19817.671124984532,0,0.0,19857823.53684561,301917911.39976436,1645517409.009655,28729098.81012402,0.0,0.34555865589202756,0.008101605864454974,0.063213201801047,0.0,0.4168734635575296,208436731.77876478,0.0,Diameter change,True,0.06289510457292657,0.10613989195547474,0.16903499652840132,28.850069258875386
External storage only,1200.0,39.0,600.0,500000000.0,2226027.397260274,30.0,0,1200.0,,,0.0,0.0,0.0,2226027.397260274,2,19817.671124984532,0,0.0,19857823.53684561,301917911.39976436,1276277666.450836,28729098.81012402,1335616438.3561642,0.26801830995467557,0.008101605864454974,0.063213201801047,0.26712328767123283,0.6064564052914103,303228202.64570516,0.0,Transport assets retained,False,0.06289510457292646,0.10980588662696672,0.17270099119989318,28.47706606658859
Linepack without redesign,1200.0,39.0,600.0,500000000.0,2226027.397260274,30.0,0,1200.0,21.01325,61.851806197436495,11.97194024252829,524125.87144105503,524125.87144105503,1701901.5258192187,2,19817.671124984532,0,0.0,19857823.53684561,301917911.39976436,1276277666.450836,28729098.81012402,1021140915.4915313,0.26801830995467557,0.008101605864454974,0.063213201801047,0.20422818309830626,0.5435613007184839,271780650.3592419,0.0,Transport assets retained,True,0.06289510457292646,0.10980588662696672,0.17270099119989318,28.47706606658859
Joint design,1200.0,39.0,600.0,500000000.0,2226027.397260274,36.0,0,1200.0,21.01325,42.24998214692316,33.07838188547123,2085344.4761437108,2085344.4761437108,140682.92111656303,2,19817.671124984532,0,0.0,19857823.53684561,301917911.39976436,1645517409.009655,28729098.81012402,84409752.66993782,0.34555865589202756,0.008101605864454974,0.063213201801047,0.016881950533987562,0.43375541409151713,216877707.04575858,0.0,Diameter change,True,0.06289510457292646,0.10980588662696672,0.17270099119989318,28.47706606658859
External storage only,1200.0,42.0,600.0,500000000.0,2397260.2739726026,30.0,0,1200.0,,,0.0,0.0,0.0,2397260.2739726026,2,19817.671124984532,0,0.0,19857823.53684561,301917911.39976436,1276277666.450836,28729098.81012402,1438356164.3835616,0.26801830995467557,0.008101605864454974,0.063213201801047,0.2876712328767123,0.6270043504968899,313502175.2484449,0.0,Transport assets retained,False,0.06289510457292669,0.12541170171191995,0.18830680628484664,30.032775073349466
Linepack without redesign,1200.0,42.0,600.0,500000000.0,2397260.2739726026,30.0,0,1200.0,21.01325,61.851806197436495,11.97194024252829,524125.87144105503,524125.87144105503,1873134.4025315475,2,19817.671124984532,0,0.0,19857823.53684561,301917911.39976436,1276277666.450836,28729098.81012402,1123880641.5189285,0.26801830995467557,0.008101605864454974,0.063213201801047,0.2247761283037857,0.5641092459239632,282054622.9619816,0.0,Transport assets retained,True,0.06289510457292669,0.12541170171191995,0.18830680628484664,30.032775073349466
Joint design,1200.0,42.0,600.0,500000000.0,2397260.2739726026,36.0,1,600.0,24.58285998026777,35.72211027831172,38.02608715041278,2397260.2729791286,2397260.2729791286,0.0009934739209711552,2,19817.671124984532,1,5903.862714358065,27192237.784709014,391861976.40459335,1645517409.009655,39340086.02381745,0.5960843525826931,0.34555865589202756,0.011093904258716522,0.08204498394208226,1.1921687051653861e-10,0.4386975442120432,219348772.1060216,0.0,Diameter change,True,0.06289510457292669,0.12541170171191995,0.18830680628484664,30.032775073349466
External storage only,1200.0,45.0,600.0,500000000.0,2568493.1506849313,30.0,0,1200.0,,,0.0,0.0,0.0,2568493.1506849313,2,19817.671124984532,0,0.0,19857823.53684561,301917911.39976436,1276277666.450836,28729098.81012402,1541095890.4109588,0.26801830995467557,0.008101605864454974,0.063213201801047,0.3082191780821918,0.6475522957023692,323776147.8511846,0.0,Transport assets retained,False,0.06289510457292646,0.14092963790029778,0.20382474247322424,31.47618251467169
Linepack without redesign,1200.0,45.0,600.0,500000000.0,2568493.1506849313,30.0,0,1200.0,21.01325,61.851806197436495,11.97194024252829,524125.87144105503,524125.87144105503,2044367.2792438762,2,19817.671124984532,0,0.0,19857823.53684561,301917911.39976436,1276277666.450836,28729098.81012402,1226620367.5463257,0.26801830995467557,0.008101605864454974,0.063213201801047,0.24532407350926516,0.5846571911294427,292328595.56472135,0.0,Transport assets retained,True,0.06289510457292646,0.14092963790029778,0.20382474247322424,31.47618251467169
Joint design,1200.0,45.0,600.0,500000000.0,2568493.1506849313,36.0,1,600.0,21.17064508331454,33.46562969929123,40.742236249103264,2568493.1506618406,2568493.1506618406,2.3090746253728867e-05,2,19817.671124984532,1,7301.640310325247,28592949.61056228,413156814.2144586,1645517409.009655,41366551.22906924,0.01385444775223732,0.34555865589202756,0.011665367446597527,0.08650352988774895,2.770889550447464e-12,0.4437275532291449,221863776.61457247,0.0,Diameter change,True,0.06289510457292646,0.14092963790029778,0.20382474247322424,31.47618251467169
External storage only,1200.0,48.0,600.0,500000000.0,2739726.02739726,30.0,0,1200.0,,,0.0,0.0,0.0,2739726.02739726,2,19817.671124984532,0,0.0,19857823.53684561,301917911.39976436,1276277666.450836,28729098.81012402,1643835616.438356,0.26801830995467557,0.008101605864454974,0.063213201801047,0.3287671232876712,0.6681002409078487,334050120.45392436,0.0,Transport assets retained,False,0.06289510457292657,0.15983040861946768,0.22272551319239425,33.337140080917116
Linepack without redesign,1200.0,48.0,600.0,500000000.0,2739726.02739726,30.0,0,1200.0,21.01325,61.851806197436495,11.97194024252829,524125.87144105503,524125.87144105503,2215600.155956205,2,19817.671124984532,0,0.0,19857823.53684561,301917911.39976436,1276277666.450836,28729098.81012402,1329360093.573723,0.26801830995467557,0.008101605864454974,0.063213201801047,0.26587201871474464,0.6052051363349221,302602568.16746104,0.0,Transport assets retained,True,0.06289510457292657,0.15983040861946768,0.22272551319239425,33.337140080917116
Joint design,1200.0,48.0,600.0,500000000.0,2739726.02739726,42.0,0,1200.0,32.41748285113416,40.852329770556416,31.928609636158107,2739726.0277336915,2739726.02739726,0.0,2,19817.671124984532,0,0.0,19857823.53684561,301917911.39976436,1781237714.5235832,28729098.81012402,0.0,0.37405992004995253,0.008101605864454974,0.063213201801047,0.0,0.44537472771545444,222687363.85772723,0.0,Diameter change,True,0.06289510457292657,0.15983040861946768,0.22272551319239425,33.337140080917116
External storage only,1200.0,51.0,600.0,500000000.0,2910958.9041095884,30.0,0,1200.0,,,0.0,0.0,0.0,2910958.9041095884,2,19817.671124984532,0,0.0,19857823.53684561,301917911.39976436,1276277666.450836,28729098.81012402,1746575342.465753,0.26801830995467557,0.008101605864454974,0.063213201801047,0.34931506849315064,0.6886481861133282,344324093.0566641,0.0,Transport assets retained,False,0.0628951045729268,0.180378353824947,0.2432734583978738,35.32623236414641
Linepack without redesign,1200.0,51.0,600.0,500000000.0,2910958.9041095884,30.0,0,1200.0,21.01325,61.851806197436495,11.97194024252829,524125.87144105503,524125.87144105503,2386833.0326685333,2,19817.671124984532,0,0.0,19857823.53684561,301917911.39976436,1276277666.450836,28729098.81012402,1432099819.60112,0.26801830995467557,0.008101605864454974,0.063213201801047,0.286419963920224,0.6257530815404014,312876540.7702007,0.0,Transport assets retained,True,0.0628951045729268,0.180378353824947,0.2432734583978738,35.32623236414641
Joint design,1200.0,51.0,600.0,500000000.0,2910958.9041095884,42.0,0,1200.0,30.087700017094818,39.02933954856782,33.97403729727965,2915239.8213150725,2910958.9041095884,0.0,2,19817.671124984532,0,0.0,19857823.53684561,301917911.39976436,1781237714.5235832,28729098.81012402,0.0,0.37405992004995253,0.008101605864454974,0.063213201801047,0.0,0.44537472771545444,222687363.85772723,0.0,Diameter change,True,0.0628951045729268,0.180378353824947,0.2432734583978738,35.32623236414641
External storage only,1200.0,54.0,600.0,500000000.0,3082191.7808219176,30.0,0,1200.0,,,0.0,0.0,0.0,3082191.7808219176,2,19817.671124984532,0,0.0,19857823.53684561,301917911.39976436,1276277666.450836,28729098.81012402,1849315068.4931505,0.26801830995467557,0.008101605864454974,0.063213201801047,0.3698630136986301,0.7091961313188077,354598065.6594038,0.0,Transport assets retained,False,0.06289510457292657,0.20092629903042664,0.2638214036033532,37.2000624302273
Linepack without redesign,1200.0,54.0,600.0,500000000.0,3082191.7808219176,30.0,0,1200.0,21.01325,61.851806197436495,11.97194024252829,524125.87144105503,524125.87144105503,2558065.9093808625,2,19817.671124984532,0,0.0,19857823.53684561,301917911.39976436,1276277666.450836,28729098.81012402,1534839545.6285174,0.26801830995467557,0.008101605864454974,0.063213201801047,0.3069679091257035,0.6463010267458811,323150513.37294054,0.0,Transport assets retained,True,0.06289510457292657,0.20092629903042664,0.2638214036033532,37.2000624302273
Joint design,1200.0,54.0,600.0,500000000.0,3082191.7808219176,42.0,0,1200.0,27.819087512821113,37.3084612832627,35.93113797916925,3083174.4648266425,3082191.7808219176,0.0,2,19817.671124984532,0,0.0,19857823.53684561,301917911.39976436,1781237714.5235832,28729098.81012402,0.0,0.37405992004995253,0.008101605864454974,0.063213201801047,0.0,0.44537472771545444,222687363.85772723,0.0,Diameter change,True,0.06289510457292657,0.20092629903042664,0.2638214036033532,37.2000624302273
External storage only,1200.0,57.0,600.0,500000000.0,3253424.657534247,30.0,0,1200.0,,,0.0,0.0,0.0,3253424.657534247,2,19817.671124984532,0,0.0,19857823.53684561,301917911.39976436,1276277666.450836,28729098.81012402,1952054794.520548,0.26801830995467557,0.008101605864454974,0.063213201801047,0.39041095890410965,0.7297440765242872,364872038.2621436,0.0,Transport assets retained,False,0.06289510457292669,0.22147424422570416,0.28436934879863085,38.9683668489725
Linepack without redesign,1200.0,57.0,600.0,500000000.0,3253424.657534247,30.0,0,1200.0,21.01325,61.851806197436495,11.97194024252829,524125.87144105503,524125.87144105503,2729298.7860931917,2,19817.671124984532,0,0.0,19857823.53684561,301917911.39976436,1276277666.450836,28729098.81012402,1637579271.655915,0.26801830995467557,0.008101605864454974,0.063213201801047,0.327515854331183,0.6668489719513605,333424485.97568023,0.0,Transport assets retained,True,0.06289510457292669,0.22147424422570416,0.28436934879863085,38.9683668489725
Joint design,1200.0,57.0,600.0,500000000.0,3253424.657534247,42.0,0,1200.0,25.469841857240517,35.591185671617545,37.915223937291096,3253424.657449231,3253424.657449231,8.501578122377396e-05,2,19817.671124984532,0,0.0,19857823.53684561,301917911.39976436,1781237714.5235832,28729098.81012402,0.051009468734264374,0.37405992004995253,0.008101605864454974,0.063213201801047,1.0201893746852875e-11,0.44537472772565634,222687363.86282817,0.0,Diameter change,True,0.06289510457292669,0.22147424422570416,0.28436934879863085,38.9683668489725
External storage only,1200.0,60.0,600.0,500000000.0,3424657.534246575,30.0,0,1200.0,,,0.0,0.0,0.0,3424657.534246575,2,19817.671124984532,0,0.0,19857823.53684561,301917911.39976436,1276277666.450836,28729098.81012402,2054794520.547945,0.26801830995467557,0.008101605864454974,0.063213201801047,0.410958904109589,0.7502920217297666,375146010.8648833,0.0,Transport assets retained,False,0.0628951045729268,0.24202218944138537,0.30491729401431217,40.63981558958047
Linepack without redesign,1200.0,60.0,600.0,500000000.0,3424657.534246575,30.0,0,1200.0,21.01325,61.851806197436495,11.97194024252829,524125.87144105503,524125.87144105503,2900531.66280552,2,19817.671124984532,0,0.0,19857823.53684561,301917911.39976436,1276277666.450836,28729098.81012402,1740318997.683312,0.26801830995467557,0.008101605864454974,0.063213201801047,0.3480637995366624,0.6873969171568398,343698458.5784199,0.0,Transport assets retained,True,0.0628951045729268,0.24202218944138537,0.30491729401431217,40.63981558958047
Joint design,1200.0,60.0,600.0,500000000.0,3424657.534246575,42.0,0,1200.0,22.903760420228085,33.802394806668936,40.02316508831094,3434302.6005288376,3424657.534246575,0.0,2,19817.671124984532,0,0.0,19857823.53684561,301917911.39976436,1781237714.5235832,28729098.81012402,0.0,0.37405992004995253,0.008101605864454974,0.063213201801047,0.0,0.44537472771545444,222687363.85772723,0.0,Diameter change,True,0.0628951045729268,0.24202218944138537,0.30491729401431217,40.63981558958047
External storage only,1200.0,63.0,600.0,500000000.0,3595890.4109589034,30.0,0,1200.0,,,0.0,0.0,0.0,3595890.4109589034,2,19817.671124984532,0,0.0,19857823.53684561,301917911.39976436,1276277666.450836,28729098.81012402,2157534246.575342,0.26801830995467557,0.008101605864454974,0.063213201801047,0.4315068493150685,0.770839966935246,385419983.467623,0.0,Transport assets retained,False,0.0628951045729268,0.25868454839723354,0.32157965297016033,41.718082450851234
Linepack without redesign,1200.0,63.0,600.0,500000000.0,3595890.4109589034,30.0,0,1200.0,21.01325,61.851806197436495,11.97194024252829,524125.87144105503,524125.87144105503,3071764.5395178483,2,19817.671124984532,0,0.0,19857823.53684561,301917911.39976436,1276277666.450836,28729098.81012402,1843058723.7107089,0.26801830995467557,0.008101605864454974,0.063213201801047,0.36861174474214176,0.7079448623623192,353972431.1811596,0.0,Transport assets retained,True,0.0628951045729268,0.25868454839723354,0.32157965297016033,41.718082450851234
Joint design,1200.0,63.0,600.0,500000000.0,3595890.4109589034,42.0,0,1200.0,21.01325,32.5511340638266,41.52894681903439,3563510.5255453098,3563510.5255453098,32379.885413593613,2,19817.671124984532,0,0.0,19857823.53684561,301917911.39976436,1781237714.5235832,28729098.81012402,19427931.248156168,0.37405992004995253,0.008101605864454974,0.063213201801047,0.0038855862496312336,0.4492603139650857,224630156.98254284,0.0,Diameter change,True,0.0628951045729268,0.25868454839723354,0.32157965297016033,41.718082450851234
External storage only,1200.0,66.0,600.0,500000000.0,3767123.2876712326,30.0,0,1200.0,,,0.0,0.0,0.0,3767123.2876712326,2,19817.671124984532,0,0.0,19857823.53684561,301917911.39976436,1276277666.450836,28729098.81012402,2260273972.6027393,0.26801830995467557,0.008101605864454974,0.063213201801047,0.45205479452054786,0.7913879121407253,395693956.0703627,0.0,Transport assets retained,False,0.06289510457292646,0.26967993828551057,0.33257504285843703,42.024276307027826
Linepack without redesign,1200.0,66.0,600.0,500000000.0,3767123.2876712326,30.0,0,1200.0,21.01325,61.851806197436495,11.97194024252829,524125.87144105503,524125.87144105503,3242997.4162301775,2,19817.671124984532,0,0.0,19857823.53684561,301917911.39976436,1276277666.450836,28729098.81012402,1945798449.7381065,0.26801830995467557,0.008101605864454974,0.063213201801047,0.38915968994762135,0.7284928075677989,364246403.7838994,0.0,Transport assets retained,True,0.06289510457292646,0.26967993828551057,0.33257504285843703,42.024276307027826
Joint design,1200.0,66.0,600.0,500000000.0,3767123.2876712326,42.0,1,600.0,22.878423438143095,28.85189916893395,43.90183825171076,3767123.288304872,3767123.2876712326,0.0,2,19817.671124984532,1,3589.8525373231964,24729252.5755528,356608534.4031578,1781237714.5235832,35776787.89547871,0.0,0.37405992004995253,0.010089054186524997,0.07466389504581085,0.0,0.4588128692822883,229406434.64114416,0.0,Diameter change,True,0.06289510457292646,0.26967993828551057,0.33257504285843703,42.024276307027826
External storage only,1200.0,69.0,600.0,500000000.0,3938356.164383562,30.0,0,1200.0,,,0.0,0.0,0.0,3938356.164383562,2,19817.671124984532,0,0.0,19857823.53684561,301917911.39976436,1276277666.450836,28729098.81012402,2363013698.630137,0.26801830995467557,0.008101605864454974,0.063213201801047,0.47260273972602745,0.811935857346205,405967928.6731025,0.0,Transport assets retained,False,0.06289510457292669,0.28459209379048844,0.34748719836341513,42.79737065673754
Linepack without redesign,1200.0,69.0,600.0,500000000.0,3938356.164383562,30.0,0,1200.0,21.01325,61.851806197436495,11.97194024252829,524125.87144105503,524125.87144105503,3414230.2929425067,2,19817.671124984532,0,0.0,19857823.53684561,301917911.39976436,1276277666.450836,28729098.81012402,2048538175.7655041,0.26801830995467557,0.008101605864454974,0.063213201801047,0.4097076351531008,0.7490407527732783,374520376.3866392,0.0,Transport assets retained,True,0.06289510457292669,0.28459209379048844,0.34748719836341513,42.79737065673754
Joint design,1200.0,69.0,600.0,500000000.0,3938356.164383562,42.0,1,600.0,21.01325,27.396468790737547,45.53682310995849,3907417.85866471,3907417.85866471,30938.30571885174,2,19817.671124984532,1,4118.279337126649,25311754.24333143,364659001.8227721,1781237714.5235832,36619516.09978688,18562983.431311045,0.37405992004995253,0.010326703540139901,0.07634943870643526,0.003712596686262209,0.46444865898278986,232224329.49139494,0.0,Diameter change,True,0.06289510457292669,0.28459209379048844,0.34748719836341513,42.79737065673754
External storage only,1200.0,72.0,600.0,500000000.0,4109589.04109589,30.0,0,1200.0,,,0.0,0.0,0.0,4109589.04109589,2,19817.671124984532,0,0.0,19857823.53684561,301917911.39976436,1276277666.450836,28729098.81012402,2465753424.657534,0.26801830995467557,0.008101605864454974,0.063213201801047,0.4931506849315069,0.8324838025516844,416241901.2758422,0.0,Transport assets retained,False,0.06289510457292669,0.29615511487838464,0.3590502194513113,43.129994643832106
Linepack without redesign,1200.0,72.0,600.0,500000000.0,4109589.04109589,30.0,0,1200.0,21.01325,61.851806197436495,11.97194024252829,524125.87144105503,524125.87144105503,3585463.169654835,2,19817.671124984532,0,0.0,19857823.53684561,301917911.39976436,1276277666.450836,28729098.81012402,2151277901.792901,0.26801830995467557,0.008101605864454974,0.063213201801047,0.43025558035858025,0.7695886979787577,384794348.98937887,0.0,Transport assets retained,True,0.06289510457292669,0.29615511487838464,0.3590502194513113,43.129994643832106
Joint design,1200.0,72.0,600.0,500000000.0,4109589.04109589,42.0,4,240.0,21.278639881217984,24.008007952562476,47.89291443992875,4109589.0403727633,4109589.0403727633,0.0007231268100440502,2,19817.671124984532,1,1839.6240564040556,31101427.226072162,414023001.723935,1781237714.5235832,44995665.02118502,0.43387608602643013,0.37405992004995253,0.012688777535974177,0.08668488542767112,8.677521720528602e-11,0.4734335831003731,236716791.55018654,0.0,Diameter change,True,0.06289510457292669,0.29615511487838464,0.3590502194513113,43.129994643832106
