annual_delivery_mt_per_year,length_km,buffer_hours,storage_cost_2023_usd_per_kg,transport_diameter_in,transport_stations,joint_design_diameter_in,joint_design_stations,joint_design_infrastructure_response,external_storage_only_lcot_2023_usd_per_kg,linepack_without_redesign_lcot_2023_usd_per_kg,joint_design_lcot_2023_usd_per_kg,delta_embedded_2023_usd_per_kg,delta_redesign_2023_usd_per_kg
0.25,400.0,0.0,200.0,20.0,0,20.0,0,Transport assets retained,0.20777879949295813,0.20777879949295813,0.20777879949295813,0.0,0.0
0.25,400.0,6.0,200.0,20.0,0,20.0,0,Transport assets retained,0.22147742962994443,0.20953785570981978,0.20953785570981978,0.011939573920124652,0.0
0.25,400.0,12.0,200.0,20.0,0,20.0,0,Transport assets retained,0.23517605976693073,0.2232364858468061,0.2232364858468061,0.011939573920124624,0.0
0.25,400.0,24.0,200.0,20.0,0,20.0,0,Transport assets retained,0.26257332004090334,0.2506337461207787,0.2506337461207787,0.011939573920124624,0.0
0.25,400.0,36.0,200.0,20.0,0,20.0,0,Transport assets retained,0.28997058031487594,0.2780310063947513,0.2780310063947513,0.011939573920124624,0.0
0.25,400.0,48.0,200.0,20.0,0,20.0,0,Transport assets retained,0.31736784058884854,0.3054282666687239,0.3054282666687239,0.011939573920124624,0.0
0.25,400.0,72.0,200.0,20.0,0,20.0,0,Transport assets retained,0.37216236113679374,0.36022278721666906,0.36022278721666906,0.01193957392012468,0.0
0.25,800.0,0.0,200.0,20.0,1,20.0,1,Transport assets retained,0.3487586820458494,0.3487586820458494,0.3487586820458494,0.0,0.0
0.25,800.0,6.0,200.0,20.0,1,20.0,1,Compressor resize,0.3624573121828358,0.3615361007738279,0.3599742982568663,0.0009212114090078605,0.0015618025169616412
0.25,800.0,12.0,200.0,20.0,1,20.0,1,Compressor resize,0.3761559423198221,0.37523473091081416,0.3736729283938525,0.000921211409007916,0.0015618025169616412
0.25,800.0,24.0,200.0,20.0,1,24.0,0,Diameter change,0.4035532025937946,0.4026319911847868,0.3919150706562235,0.000921211409007805,0.010716920528563323
0.25,800.0,36.0,200.0,20.0,1,24.0,0,Diameter change,0.4309504628677672,0.4300292514587594,0.4193123309301961,0.000921211409007805,0.010716920528563323
0.25,800.0,48.0,200.0,20.0,1,24.0,0,Diameter change,0.4583477231417398,0.457426511732732,0.4467095912041687,0.000921211409007805,0.010716920528563323
0.25,800.0,72.0,200.0,20.0,1,24.0,0,Diameter change,0.5131422436896851,0.5122210322806772,0.501504111752114,0.000921211409007916,0.010716920528563212
0.25,1200.0,0.0,200.0,20.0,1,20.0,1,Transport assets retained,0.4848022939756548,0.4848022939756548,0.4848022939756548,0.0,0.0
0.25,1200.0,6.0,200.0,20.0,1,20.0,1,Compressor resize,0.4985009241126411,0.49724539220381325,0.4969645561815672,0.0012555319088278227,0.00028083602224604487
0.25,1200.0,12.0,200.0,20.0,1,20.0,1,Compressor resize,0.5121995542496274,0.5109440223407996,0.5106631863185535,0.0012555319088277672,0.0002808360222461559
0.25,1200.0,24.0,200.0,20.0,1,24.0,0,Diameter change,0.5395968145236,0.5383412826147722,0.5322156804928572,0.0012555319088277672,0.006125602121915041
0.25,1200.0,36.0,200.0,20.0,1,24.0,0,Diameter change,0.5669940747975726,0.5657385428887448,0.5596129407668298,0.0012555319088277672,0.006125602121915041
0.25,1200.0,48.0,200.0,20.0,1,24.0,0,Diameter change,0.5943913350715452,0.5931358031627173,0.5870102010408024,0.0012555319088278782,0.00612560212191493
0.25,1200.0,72.0,200.0,20.0,1,30.0,0,Diameter change,0.6491858556194904,0.6479303237106626,0.6393304508634927,0.0012555319088277672,0.008599872847169898
0.25,1600.0,0.0,200.0,20.0,5,20.0,5,Transport assets retained,0.61948750671843,0.61948750671843,0.61948750671843,0.0,0.0
0.25,1600.0,6.0,200.0,20.0,5,20.0,7,Station-count change,0.6331861368554162,0.6312438351383562,0.6305076895531141,0.001942301717060002,0.0007361455852421539
0.25,1600.0,12.0,200.0,20.0,5,20.0,7,Station-count change,0.6468847669924027,0.6449424652753425,0.6442063196901003,0.0019423017170602241,0.0007361455852421539
0.25,1600.0,24.0,200.0,20.0,5,20.0,7,Station-count change,0.6742820272663753,0.6723397255493151,0.6716035799640729,0.0019423017170602241,0.0007361455852421539
0.25,1600.0,36.0,200.0,20.0,5,20.0,7,Station-count change,0.7016792875403478,0.6997369858232877,0.6990008402380455,0.0019423017170601131,0.0007361455852421539
0.25,1600.0,48.0,200.0,20.0,5,20.0,7,Station-count change,0.7290765478143204,0.7271342460972604,0.7263981005120183,0.001942301717060002,0.0007361455852421539
0.25,1600.0,72.0,200.0,20.0,5,30.0,0,Diameter change,0.7838710683622656,0.7819287666452055,0.7747636644165201,0.0019423017170601131,0.007165102228685383
0.25,2000.0,0.0,200.0,20.0,10,20.0,10,Transport assets retained,0.749478009950483,0.749478009950483,0.749478009950483,0.0,0.0
0.25,2000.0,6.0,200.0,20.0,10,20.0,13,Station-count change,0.7631766400874692,0.7606739946485737,0.7595361765277524,0.0025026454388955566,0.0011378181208212546
0.25,2000.0,12.0,200.0,20.0,10,20.0,13,Station-count change,0.7768752702244556,0.77437262478556,0.7732280327081433,0.0025026454388955566,0.001144592077416684
0.25,2000.0,24.0,200.0,20.0,10,20.0,13,Station-count change,0.8042725304984281,0.8017698850595326,0.8006252929821159,0.0025026454388954456,0.001144592077416684
0.25,2000.0,36.0,200.0,20.0,10,20.0,13,Station-count change,0.8316697907724008,0.8291671453335051,0.8280225532560885,0.0025026454388956676,0.001144592077416573
0.25,2000.0,48.0,200.0,20.0,10,20.0,13,Station-count change,0.8590670510463734,0.8565644056074778,0.8554198135300611,0.0025026454388955566,0.001144592077416684
0.25,2000.0,72.0,200.0,20.0,10,20.0,13,Station-count change,0.9138615715943186,0.911358926155423,0.9102143340780063,0.0025026454388955566,0.001144592077416684
0.25,400.0,0.0,600.0,20.0,0,20.0,0,Transport assets retained,0.20777879949295813,0.20777879949295813,0.20777879949295813,0.0,0.0
0.25,400.0,6.0,600.0,20.0,0,20.0,0,Transport assets retained,0.248874689903917,0.21305596814354316,0.21305596814354316,0.035818721760373845,0.0
0.25,400.0,12.0,600.0,20.0,0,24.0,0,Diameter change,0.28997058031487594,0.25415185855450206,0.23376045293492037,0.03581872176037387,0.020391405619581693
0.25,400.0,24.0,600.0,20.0,0,30.0,0,Diameter change,0.37216236113679374,0.33634363937641987,0.27096959573907975,0.03581872176037387,0.06537404363734012
0.25,400.0,36.0,600.0,20.0,0,36.0,0,Diameter change,0.45435414195871154,0.41853542019833767,0.32560905151887365,0.03581872176037387,0.09292636867946402
0.25,400.0,48.0,600.0,20.0,0,42.0,0,Diameter change,0.5365459227806293,0.5007272010202555,0.34413985354297805,0.03581872176037382,0.15658734747727743
0.25,400.0,72.0,600.0,20.0,0,42.0,5,Diameter change,0.7009294844244649,0.6651107626640911,0.49847990457769215,0.03581872176037382,0.16663085808639894
0.25,800.0,0.0,600.0,20.0,1,20.0,1,Transport assets retained,0.3487586820458494,0.3487586820458494,0.3487586820458494,0.0,0.0
0.25,800.0,6.0,600.0,20.0,1,20.0,1,Compressor resize,0.3898545724568083,0.3870909382296595,0.36104318691353754,0.0027636342271488146,0.02604775131612197
0.25,800.0,12.0,600.0,20.0,1,24.0,0,Diameter change,0.4309504628677672,0.4281868286406184,0.3789240983799277,0.0027636342271488146,0.049262730260690724
0.25,800.0,24.0,600.0,20.0,1,24.0,1,Diameter change,0.5131422436896851,0.5103786094625362,0.40930247977036405,0.00276363422714887,0.10107612969217217
0.25,800.0,36.0,600.0,20.0,1,30.0,0,Diameter change,0.5953340245116029,0.592570390284454,0.441022672901927,0.00276363422714887,0.15154771738252704
0.25,800.0,48.0,600.0,20.0,1,30.0,2,Diameter change,0.6775258053335207,0.6747621711063719,0.4625189815234729,0.002763634227148759,0.212243189582899
0.25,800.0,72.0,600.0,20.0,1,36.0,2,Diameter change,0.8419093669773563,0.8391457327502074,0.5578855742163114,0.00276363422714887,0.2812601585338961
0.25,1200.0,0.0,600.0,20.0,1,20.0,1,Transport assets retained,0.4848022939756548,0.4848022939756548,0.4848022939756548,0.0,0.0
0.25,1200.0,6.0,600.0,20.0,1,20.0,3,Station-count change,0.5258981843866136,0.5221315886600084,0.4988832130899583,0.003766595726605204,0.023248375570050106
0.25,1200.0,12.0,600.0,20.0,1,24.0,0,Diameter change,0.5669940747975726,0.5632274790709673,0.5191686590562341,0.003766595726605315,0.04405882001473316
0.25,1200.0,24.0,600.0,20.0,1,24.0,1,Diameter change,0.6491858556194904,0.6454192598928851,0.5441472440674646,0.003766595726605315,0.10127201582542045
0.25,1200.0,36.0,600.0,20.0,1,24.0,2,Diameter change,0.7313776364414082,0.727611040714803,0.5799254216379504,0.003766595726605204,0.14768561907685263
0.25,1200.0,48.0,600.0,20.0,1,30.0,0,Diameter change,0.8135694172633259,0.8098028215367208,0.6091186597847285,0.003766595726605093,0.20068416175199233
0.25,1200.0,72.0,600.0,20.0,1,30.0,3,Diameter change,0.9779529789071617,0.9741863831805563,0.6470858986085701,0.003766595726605426,0.32710048457198615
0.25,1600.0,0.0,600.0,20.0,5,20.0,5,Transport assets retained,0.61948750671843,0.61948750671843,0.61948750671843,0.0,0.0
0.25,1600.0,6.0,600.0,20.0,5,20.0,7,Station-count change,0.660583397129389,0.6547564919775818,0.6305967190186503,0.005826905151807171,0.024159772958931458
0.25,1600.0,12.0,600.0,20.0,5,20.0,11,Station-count change,0.7016792875403478,0.6958523823885407,0.6475638678928373,0.00582690515180706,0.04828851449570348
0.25,1600.0,24.0,600.0,20.0,5,24.0,1,Diameter change,0.7838710683622656,0.7780441632104586,0.6841958677548523,0.00582690515180706,0.09384829545560625
0.25,1600.0,36.0,600.0,20.0,5,24.0,1,Diameter change,0.8660628491841835,0.8602359440323762,0.7025700256295978,0.005826905151807282,0.15766591840277844
0.25,1600.0,48.0,600.0,20.0,5,24.0,5,Diameter change,0.9482546300061012,0.942427724854294,0.745795642135581,0.005826905151807171,0.19663208271871302
0.25,1600.0,72.0,600.0,20.0,5,30.0,0,Diameter change,1.1126381916499368,1.1068112864981299,0.777434186727673,0.005826905151806949,0.3293770997704569
0.25,2000.0,0.0,600.0,20.0,10,20.0,10,Transport assets retained,0.749478009950483,0.749478009950483,0.749478009950483,0.0,0.0
0.25,2000.0,6.0,600.0,20.0,10,20.0,13,Station-count change,0.7905739003614418,0.7830659640434829,0.7595361765328089,0.007507936317958874,0.023529787510674027
0.25,2000.0,12.0,600.0,20.0,10,20.0,16,Station-count change,0.8316697907724008,0.8241618544544419,0.7748049101915171,0.007507936317958874,0.04935694426292481
0.25,2000.0,24.0,600.0,20.0,10,20.0,26,Station-count change,0.9138615715943186,0.9063536352763597,0.8207486099561974,0.007507936317958874,0.08560502532016234
0.25,2000.0,36.0,600.0,20.0,10,24.0,1,Diameter change,0.9960533524162364,0.9885454160982774,0.8402148869687426,0.007507936317958985,0.14833052912953482
0.25,2000.0,48.0,600.0,20.0,10,24.0,4,Diameter change,1.0782451332381542,1.0707371969201953,0.8674351256005576,0.007507936317958874,0.20330207131963773
0.25,2000.0,72.0,600.0,20.0,10,30.0,0,Diameter change,1.24262869488199,1.235120758564031,0.9350282491711445,0.007507936317959096,0.30009250939288645
0.5,400.0,0.0,200.0,24.0,0,24.0,0,Transport assets retained,0.15165401419527352,0.15165401419527352,0.15165401419527352,0.0,0.0
0.5,400.0,6.0,200.0,24.0,0,24.0,0,Transport assets retained,0.16535264433225982,0.16139263061423073,0.16139263061423073,0.003960013718029093,0.0
0.5,400.0,12.0,200.0,24.0,0,30.0,0,Diameter change,0.17905127446924612,0.175091260751217,0.17483332000316312,0.003960013718029121,0.0002579407480538809
0.5,400.0,24.0,200.0,24.0,0,30.0,0,Diameter change,0.20644853474321873,0.20248852102518963,0.20223058027713572,0.003960013718029093,0.00025794074805390865
0.5,400.0,36.0,200.0,24.0,0,30.0,0,Diameter change,0.23384579501719133,0.22988578129916223,0.22962784055110833,0.003960013718029093,0.00025794074805390865
0.5,400.0,48.0,200.0,24.0,0,30.0,0,Diameter change,0.26124305529116393,0.25728304157313486,0.25702510082508095,0.003960013718029065,0.00025794074805390865
0.5,400.0,72.0,200.0,24.0,0,30.0,0,Diameter change,0.31603757583910913,0.31207756212108007,0.31181962137302616,0.003960013718029065,0.00025794074805390865
0.5,800.0,0.0,200.0,30.0,0,30.0,0,Transport assets retained,0.25528512417877686,0.25528512417877686,0.25528512417877686,0.0,0.0
0.5,800.0,6.0,200.0,30.0,0,30.0,0,Transport assets retained,0.2689837543157631,0.25528512418756305,0.25528512418756305,0.013698630128200051,0.0
0.5,800.0,12.0,200.0,30.0,0,30.0,0,Transport assets retained,0.28268238445274946,0.25535074890586623,0.25535074890586623,0.027331635546883226,0.0
0.5,800.0,24.0,200.0,30.0,0,30.0,0,Transport assets retained,0.310079644726722,0.28274800917983883,0.28274800917983883,0.02733163554688317,0.0
0.5,800.0,36.0,200.0,30.0,0,30.0,0,Transport assets retained,0.33747690500069466,0.31014526945381143,0.31014526945381143,0.027331635546883226,0.0
0.5,800.0,48.0,200.0,30.0,0,42.0,0,Diameter change,0.36487416527466726,0.33754252972778404,0.3368912192410874,0.027331635546883226,0.0006513104866966435
0.5,800.0,72.0,200.0,30.0,0,42.0,0,Diameter change,0.4196686858226124,0.39233705027572924,0.3916857397890326,0.02733163554688317,0.0006513104866966435
0.5,1200.0,0.0,200.0,30.0,0,30.0,0,Transport assets retained,0.3393331176201775,0.3393331176201775,0.3393331176201775,0.0,0.0
0.5,1200.0,6.0,200.0,30.0,0,30.0,0,Transport assets retained,0.35303174775716384,0.3393331176370312,0.3393331176370312,0.013698630120132615,0.0
0.5,1200.0,12.0,200.0,30.0,0,30.0,0,Transport assets retained,0.36673037789415014,0.3457653430365079,0.3457653430365079,0.02096503485764223,0.0
0.5,1200.0,24.0,200.0,30.0,0,30.0,0,Transport assets retained,0.3941276381681227,0.37316260331048046,0.37316260331048046,0.02096503485764223,0.0
0.5,1200.0,36.0,200.0,30.0,0,30.0,0,Transport assets retained,0.4215248984420953,0.4005598635844531,0.4005598635844531,0.020965034857642173,0.0
0.5,1200.0,48.0,200.0,30.0,0,30.0,0,Transport assets retained,0.4489221587160679,0.4279571238584257,0.4279571238584257,0.020965034857642173,0.0
0.5,1200.0,72.0,200.0,30.0,0,42.0,0,Diameter change,0.5037166792640131,0.48275164440637086,0.4672178683374777,0.02096503485764223,0.015533776068893168
0.5,1600.0,0.0,200.0,30.0,1,30.0,1,Transport assets retained,0.4397458163902554,0.4397458163902554,0.4397458163902554,0.0,0.0
0.5,1600.0,6.0,200.0,30.0,1,30.0,1,Compressor resize,0.4534444465272417,0.45136576515049237,0.44334663173899425,0.002078681376749325,0.008019133411498125
0.5,1600.0,12.0,200.0,30.0,1,30.0,1,Compressor resize,0.46714307666422794,0.46506439528747867,0.449387553859241,0.0020786813767492696,0.015676841428237664
0.5,1600.0,24.0,200.0,30.0,1,30.0,1,Compressor resize,0.4945403369382006,0.4924616555614513,0.47095863287480233,0.002078681376749325,0.021503022686648943
0.5,1600.0,36.0,200.0,30.0,1,30.0,1,Compressor resize,0.5219375972121733,0.5198589158354239,0.498355893148775,0.0020786813767493806,0.021503022686648887
0.5,1600.0,48.0,200.0,30.0,1,30.0,1,Compressor resize,0.5493348574861457,0.5472561761093965,0.5257531534227476,0.0020786813767492696,0.02150302268664883
0.5,1600.0,72.0,200.0,30.0,1,42.0,0,Diameter change,0.604129378034091,0.6020506966573417,0.5596368618190862,0.0020786813767492696,0.04241383483825545
0.5,2000.0,0.0,200.0,30.0,1,30.0,1,Transport assets retained,0.5277848967778932,0.5277848967778932,0.5277848967778932,0.0,0.0
0.5,2000.0,6.0,200.0,30.0,1,30.0,1,Compressor resize,0.5414835269148796,0.5389962792491466,0.5320189301787628,0.002487247665732939,0.0069773490703838315
0.5,2000.0,12.0,200.0,30.0,1,30.0,1,Compressor resize,0.5551821570518658,0.5526949093861329,0.5391615324293495,0.002487247665732939,0.01353337695678336
0.5,2000.0,24.0,200.0,30.0,1,30.0,3,Station-count change,0.5825794173258384,0.5800921696601055,0.5604490089591179,0.002487247665732939,0.019643160700987594
0.5,2000.0,36.0,200.0,30.0,1,30.0,4,Station-count change,0.6099766775998111,0.6074894299340781,0.5875378079905645,0.00248724766573305,0.01995162194351352
0.5,2000.0,48.0,200.0,30.0,1,30.0,4,Station-count change,0.6373739378737836,0.6348866902080508,0.6149350682645371,0.002487247665732828,0.01995162194351363
0.5,2000.0,72.0,200.0,30.0,1,30.0,4,Station-count change,0.6921684584217288,0.6896812107559959,0.6697295888124823,0.002487247665732939,0.01995162194351352
0.5,400.0,0.0,600.0,24.0,0,24.0,0,Transport assets retained,0.15165401419527352,0.15165401419527352,0.15165401419527352,0.0,0.0
0.5,400.0,6.0,600.0,24.0,0,30.0,0,Diameter change,0.1927499046062324,0.18086986345214512,0.16815156860195024,0.011880041154087279,0.012718294850194878
0.5,400.0,12.0,600.0,24.0,0,30.0,0,Diameter change,0.23384579501719133,0.22196575386310405,0.18819682289084136,0.011880041154087279,0.03376893097226269
0.5,400.0,24.0,600.0,24.0,0,42.0,0,Diameter change,0.31603757583910913,0.3041575346850219,0.21004235684793587,0.01188004115408725,0.094115177837086
0.5,400.0,36.0,600.0,24.0,0,42.0,0,Diameter change,0.39822935666102693,0.38634931550693963,0.2922341376698537,0.011880041154087306,0.09411517783708595
0.5,400.0,48.0,600.0,24.0,0,42.0,0,Diameter change,0.48042113748294474,0.4685410963288575,0.37442591849177154,0.01188004115408725,0.09411517783708595
0.5,400.0,72.0,600.0,24.0,0,42.0,0,Diameter change,0.6448046991267804,0.632924657972693,0.5388094801356071,0.011880041154087362,0.0941151778370859
0.5,800.0,0.0,600.0,30.0,0,30.0,0,Transport assets retained,0.25528512417877686,0.25528512417877686,0.25528512417877686,0.0,0.0
0.5,800.0,6.0,600.0,30.0,0,30.0,0,Transport assets retained,0.29638101458973576,0.2552851242051354,0.2552851242051354,0.041095890384600375,0.0
0.5,800.0,12.0,600.0,30.0,0,30.0,0,Transport assets retained,0.33747690500069466,0.25548199836004504,0.25548199836004504,0.08199490664064962,0.0
0.5,800.0,24.0,600.0,30.0,0,36.0,0,Diameter change,0.4196686858226124,0.33767377918196284,0.30832247611180186,0.08199490664064957,0.029351303070160983
0.5,800.0,36.0,600.0,30.0,0,42.0,0,Diameter change,0.5018604666445303,0.41986556000388064,0.32835294924494157,0.08199490664064968,0.09151261075893907
0.5,800.0,48.0,600.0,30.0,0,42.0,2,Diameter change,0.584052247466448,0.5020573408257986,0.34399724126620074,0.08199490664064946,0.15806009955959782
0.5,800.0,72.0,600.0,30.0,0,42.0,8,Diameter change,0.7484358091102837,0.6664409024696341,0.506555904739282,0.08199490664064968,0.15988499773035203
0.5,1200.0,0.0,600.0,30.0,0,30.0,0,Transport assets retained,0.3393331176201775,0.3393331176201775,0.3393331176201775,0.0,0.0
0.5,1200.0,6.0,600.0,30.0,0,30.0,0,Transport assets retained,0.3804290080311364,0.3393331176201775,0.3393331176201775,0.0410958904109589,0.0
0.5,1200.0,12.0,600.0,30.0,0,30.0,0,Transport assets retained,0.4215248984420953,0.3586297938691687,0.3586297938691687,0.06289510457292657,0.0
0.5,1200.0,24.0,600.0,30.0,0,30.0,1,Station-count change,0.5037166792640131,0.4408215746910865,0.39490427944426754,0.06289510457292657,0.04591729524681898
0.5,1200.0,36.0,600.0,30.0,0,36.0,0,Diameter change,0.5859084600859309,0.5230133555130043,0.4168734635575296,0.06289510457292657,0.10613989195547474
0.5,1200.0,48.0,600.0,30.0,0,42.0,0,Diameter change,0.6681002409078487,0.6052051363349221,0.44537472771545444,0.06289510457292657,0.15983040861946768
0.5,1200.0,72.0,600.0,30.0,0,42.0,4,Diameter change,0.8324838025516844,0.7695886979787577,0.4734335831003731,0.06289510457292669,0.29615511487838464
0.5,1600.0,0.0,600.0,30.0,1,30.0,1,Transport assets retained,0.4397458163902554,0.4397458163902554,0.4397458163902554,0.0,0.0
0.5,1600.0,6.0,600.0,30.0,1,30.0,1,Compressor resize,0.4808417068012143,0.47460566267090326,0.44334663173899425,0.006236044130311036,0.031259030931909015
0.5,1600.0,12.0,600.0,30.0,1,30.0,1,Compressor resize,0.5219375972121733,0.5157015530818622,0.4493875538943858,0.006236044130311091,0.06631399918747638
0.5,1600.0,24.0,600.0,30.0,1,30.0,1,Compressor resize,0.604129378034091,0.59789333390378,0.4739984764323479,0.00623604413031098,0.12389485747143208
0.5,1600.0,36.0,600.0,30.0,1,36.0,0,Diameter change,0.6863211588560088,0.6800851147256978,0.5230366270652679,0.00623604413031098,0.1570484876604299
0.5,1600.0,48.0,600.0,30.0,1,36.0,1,Diameter change,0.7685129396779266,0.7622768955476156,0.5451131682019056,0.00623604413031098,0.21716372734571
0.5,1600.0,72.0,600.0,30.0,1,42.0,0,Diameter change,0.9328965013217623,0.9266604571914512,0.5596368618190862,0.006236044130311091,0.36702359537236495
0.5,2000.0,0.0,600.0,30.0,1,30.0,1,Transport assets retained,0.5277848967778932,0.5277848967778932,0.5277848967778932,0.0,0.0
0.5,2000.0,6.0,600.0,30.0,1,30.0,1,Compressor resize,0.5688807871888522,0.56141904419159,0.5320189302368643,0.0074617429972621,0.02940011395472575
0.5,2000.0,12.0,600.0,30.0,1,30.0,1,Compressor resize,0.6099766775998111,0.6025149346025489,0.5391615324293495,0.007461742997262211,0.0633534021731994
0.5,2000.0,24.0,600.0,30.0,1,30.0,3,Station-count change,0.6921684584217288,0.6847067154244667,0.5604490090243152,0.0074617429972621,0.12425770640015155
0.5,2000.0,36.0,600.0,30.0,1,30.0,9,Station-count change,0.7743602392436466,0.7668984962463846,0.5922066412356745,0.007461742997261989,0.17469185501071016
0.5,2000.0,48.0,600.0,30.0,1,36.0,1,Diameter change,0.8565520200655644,0.8490902770683024,0.6478877992018679,0.007461742997261989,0.20120247786643453
0.5,2000.0,72.0,600.0,30.0,1,42.0,0,Diameter change,1.0209355817094001,1.013473838712138,0.671920658845636,0.0074617429972621,0.341553179866502
1.0,400.0,0.0,200.0,30.0,0,30.0,0,Transport assets retained,0.11760241182733688,0.11760241182733688,0.11760241182733688,0.0,0.0
1.0,400.0,6.0,200.0,30.0,0,30.0,0,Transport assets retained,0.13130104196432318,0.13087865401155477,0.13087865401155477,0.000422387952768416,0.0
1.0,400.0,12.0,200.0,30.0,0,42.0,0,Diameter change,0.14499967210130948,0.14457728414854107,0.1417862205920957,0.000422387952768416,0.0027910635564453723
1.0,400.0,24.0,200.0,30.0,0,42.0,0,Diameter change,0.17239693237528209,0.17197454442251367,0.1691834808660683,0.000422387952768416,0.0027910635564453723
1.0,400.0,36.0,200.0,30.0,0,42.0,0,Diameter change,0.1997941926492547,0.19937180469648627,0.1965807411400409,0.000422387952768416,0.0027910635564453723
1.0,400.0,48.0,200.0,30.0,0,42.0,0,Diameter change,0.2271914529232273,0.22676906497045887,0.2239780014140135,0.000422387952768416,0.0027910635564453723
1.0,400.0,72.0,200.0,30.0,0,42.0,0,Diameter change,0.28198597347117244,0.2815635855184041,0.27877252196195873,0.00042238795276833274,0.0027910635564453723
1.0,800.0,0.0,200.0,36.0,0,36.0,0,Transport assets retained,0.1876878656035758,0.1876878656035758,0.1876878656035758,0.0,0.0
1.0,800.0,6.0,200.0,36.0,0,36.0,0,Transport assets retained,0.20138649574056208,0.19196666024601483,0.19196666024601483,0.009419835494547252,0.0
1.0,800.0,12.0,200.0,36.0,0,42.0,0,Diameter change,0.21508512587754838,0.20566529038300116,0.19770310216134107,0.009419835494547224,0.007962188221660088
1.0,800.0,24.0,200.0,36.0,0,42.0,0,Diameter change,0.24248238615152098,0.23306255065697376,0.21758261551711053,0.009419835494547224,0.015479935139863232
1.0,800.0,36.0,200.0,36.0,0,42.0,0,Diameter change,0.2698796464254936,0.26045981093094633,0.24497987579108316,0.00941983549454728,0.015479935139863177
1.0,800.0,48.0,200.0,36.0,0,42.0,0,Diameter change,0.2972769066994662,0.287857071204919,0.2723771360650557,0.009419835494547224,0.015479935139863288
1.0,800.0,72.0,200.0,36.0,0,42.0,0,Diameter change,0.35207142724741136,0.34265159175286414,0.3271716566130009,0.009419835494547224,0.015479935139863232
1.0,1200.0,0.0,200.0,42.0,0,42.0,0,Transport assets retained,0.2562139914054021,0.2562139914054021,0.2562139914054021,0.0,0.0
1.0,1200.0,6.0,200.0,42.0,0,42.0,0,Transport assets retained,0.2699126215423884,0.2562139914054021,0.2562139914054021,0.0136986301369863,0.0
1.0,1200.0,12.0,200.0,42.0,0,42.0,0,Transport assets retained,0.2836112516793747,0.2562139914054021,0.2562139914054021,0.0273972602739726,0.0
1.0,1200.0,24.0,200.0,42.0,0,42.0,0,Transport assets retained,0.3110085119533473,0.2727978210361129,0.2727978210361129,0.03821069091723439,0.0
1.0,1200.0,36.0,200.0,42.0,0,42.0,0,Transport assets retained,0.3384057722273198,0.30019508131008554,0.30019508131008554,0.03821069091723428,0.0
1.0,1200.0,48.0,200.0,42.0,0,42.0,0,Transport assets retained,0.3658030325012925,0.3275923415840581,0.3275923415840581,0.03821069091723439,0.0
1.0,1200.0,72.0,200.0,42.0,0,42.0,0,Transport assets retained,0.4205975530492377,0.3823868621320033,0.3823868621320033,0.03821069091723439,0.0
1.0,1600.0,0.0,200.0,42.0,0,42.0,0,Transport assets retained,0.31334505845721794,0.31334505845721794,0.31334505845721794,0.0,0.0
1.0,1600.0,6.0,200.0,42.0,0,42.0,0,Transport assets retained,0.32704368859420424,0.31334505845721794,0.31334505845721794,0.0136986301369863,0.0
1.0,1600.0,12.0,200.0,42.0,0,42.0,0,Transport assets retained,0.34074231873119054,0.3133450584657413,0.3133450584657413,0.027397260265449253,0.0
1.0,1600.0,24.0,200.0,42.0,0,42.0,0,Transport assets retained,0.36813957900516314,0.3354917287086336,0.3354917287086336,0.03264785029652956,0.0
1.0,1600.0,36.0,200.0,42.0,0,42.0,0,Transport assets retained,0.3955368392791357,0.36288898898260624,0.36288898898260624,0.032647850296529446,0.0
1.0,1600.0,48.0,200.0,42.0,0,42.0,0,Transport assets retained,0.42293409955310834,0.3902862492565788,0.3902862492565788,0.03264785029652956,0.0
1.0,1600.0,72.0,200.0,42.0,0,42.0,0,Transport assets retained,0.47772862010105355,0.445080769804524,0.445080769804524,0.03264785029652956,0.0
1.0,2000.0,0.0,200.0,42.0,0,42.0,0,Transport assets retained,0.36948695697049283,0.36948695697049283,0.36948695697049283,0.0,0.0
1.0,2000.0,6.0,200.0,42.0,0,42.0,0,Transport assets retained,0.38318558710747913,0.3694869569735015,0.3694869569735015,0.013698630133977652,0.0
1.0,2000.0,12.0,200.0,42.0,0,42.0,0,Transport assets retained,0.3968842172444655,0.3791316024674042,0.3791316024674042,0.017752614777061304,0.0
1.0,2000.0,24.0,200.0,42.0,0,42.0,1,Station-count change,0.42428147751843803,0.4065288627413768,0.40110320058108073,0.01775261477706125,0.005425662160296052
1.0,2000.0,36.0,200.0,42.0,0,42.0,1,Station-count change,0.45167873779241063,0.4339261230153494,0.42322671533453415,0.01775261477706125,0.010699407680815232
1.0,2000.0,48.0,200.0,42.0,0,42.0,1,Station-count change,0.47907599806638324,0.461323383289322,0.4506239756085068,0.01775261477706125,0.010699407680815176
1.0,2000.0,72.0,200.0,42.0,0,42.0,1,Station-count change,0.5338705186143284,0.5161179038372672,0.505418496156452,0.01775261477706125,0.010699407680815232
1.0,400.0,0.0,600.0,30.0,0,30.0,0,Transport assets retained,0.11760241182733688,0.11760241182733688,0.11760241182733688,0.0,0.0
1.0,400.0,6.0,600.0,30.0,0,36.0,0,Diameter change,0.15869830223829579,0.15743113837999054,0.13612655648086075,0.001267163858305248,0.021304581899129788
1.0,400.0,12.0,600.0,30.0,0,42.0,0,Diameter change,0.1997941926492547,0.19852702879094944,0.15146169218163502,0.001267163858305248,0.04706533660931442
1.0,400.0,24.0,600.0,30.0,0,42.0,0,Diameter change,0.28198597347117244,0.2807188096128672,0.23365347300355285,0.0012671638583052203,0.04706533660931436
1.0,400.0,36.0,600.0,30.0,0,42.0,0,Diameter change,0.36417775429309035,0.362910590434785,0.3158452538254707,0.0012671638583053313,0.047065336609314334
1.0,400.0,48.0,600.0,30.0,0,42.0,0,Diameter change,0.4463695351150081,0.4451023712567029,0.39803703464738843,0.0012671638583052203,0.047065336609314445
1.0,400.0,72.0,600.0,30.0,0,42.0,0,Diameter change,0.6107530967588438,0.6094859329005384,0.562420596291224,0.0012671638583053868,0.047065336609314445
1.0,800.0,0.0,600.0,36.0,0,36.0,0,Transport assets retained,0.1876878656035758,0.1876878656035758,0.1876878656035758,0.0,0.0
1.0,800.0,6.0,600.0,36.0,0,42.0,0,Diameter change,0.2287837560145347,0.2005242495308929,0.19770310217963752,0.02825950648364181,0.002821147351255382
1.0,800.0,12.0,600.0,36.0,0,42.0,0,Diameter change,0.2698796464254936,0.24162013994185183,0.19770310216134107,0.028259506483641783,0.04391703778051076
1.0,800.0,24.0,600.0,36.0,0,42.0,1,Diameter change,0.35207142724741136,0.32381192076376963,0.2562352722723134,0.028259506483641728,0.06757664849145623
1.0,800.0,36.0,600.0,36.0,0,42.0,1,Diameter change,0.4342632080693293,0.4060037015856874,0.3384270530942312,0.028259506483641894,0.06757664849145617
1.0,800.0,48.0,600.0,36.0,0,42.0,1,Diameter change,0.5164549888912471,0.4881954824076052,0.420618833916149,0.028259506483641894,0.06757664849145617
1.0,800.0,72.0,600.0,36.0,0,42.0,1,Diameter change,0.6808385505350827,0.6525790440514408,0.5850023955599847,0.02825950648364184,0.06757664849145617
1.0,1200.0,0.0,600.0,42.0,0,42.0,0,Transport assets retained,0.2562139914054021,0.2562139914054021,0.2562139914054021,0.0,0.0
1.0,1200.0,6.0,600.0,42.0,0,42.0,0,Transport assets retained,0.297309881816361,0.2562139914054021,0.2562139914054021,0.0410958904109589,0.0
1.0,1200.0,12.0,600.0,42.0,0,42.0,0,Transport assets retained,0.3384057722273198,0.2562139914054021,0.2562139914054021,0.08219178082191775,0.0
1.0,1200.0,24.0,600.0,42.0,0,42.0,1,Station-count change,0.4205975530492377,0.30596548029753456,0.2867696495837067,0.11463207275170312,0.019195830713827855
1.0,1200.0,36.0,600.0,42.0,0,42.0,2,Station-count change,0.5027893338711555,0.38815726111945237,0.35876512424303764,0.11463207275170317,0.02939213687641473
1.0,1200.0,48.0,600.0,42.0,0,42.0,2,Station-count change,0.5849811146930732,0.47034904194137017,0.44095690506495544,0.11463207275170306,0.02939213687641473
1.0,1200.0,72.0,600.0,42.0,0,42.0,2,Station-count change,0.749364676336909,0.6347326035852058,0.605340466708791,0.11463207275170317,0.02939213687641473
1.0,1600.0,0.0,600.0,42.0,0,42.0,0,Transport assets retained,0.31334505845721794,0.31334505845721794,0.31334505845721794,0.0,0.0
1.0,1600.0,6.0,600.0,42.0,0,42.0,0,Transport assets retained,0.35444094886817684,0.31334505845721794,0.31334505845721794,0.0410958904109589,0.0
1.0,1600.0,12.0,600.0,42.0,0,42.0,0,Transport assets retained,0.3955368392791357,0.31334505848278793,0.31334505848278793,0.08219178079634776,0.0
1.0,1600.0,24.0,600.0,42.0,0,42.0,1,Station-count change,0.47772862010105355,0.379785069211465,0.3422057464284457,0.09794355088958856,0.03757932278301929
1.0,1600.0,36.0,600.0,42.0,0,42.0,3,Station-count change,0.5599204009229714,0.4619768500333828,0.3814702474232628,0.09794355088958856,0.08050660261011999
1.0,1600.0,48.0,600.0,42.0,0,42.0,6,Station-count change,0.6421121817448892,0.5441686308553007,0.4582343558396655,0.0979435508895885,0.08593427501563516
1.0,1600.0,72.0,600.0,42.0,0,42.0,6,Station-count change,0.8064957433887248,0.7085521924991363,0.622617917483501,0.0979435508895885,0.08593427501563522
1.0,2000.0,0.0,600.0,42.0,0,42.0,0,Transport assets retained,0.36948695697049283,0.36948695697049283,0.36948695697049283,0.0,0.0
1.0,2000.0,6.0,600.0,42.0,0,42.0,0,Transport assets retained,0.41058284738145173,0.3694869569795188,0.3694869569795188,0.041095890401932955,0.0
1.0,2000.0,12.0,600.0,42.0,0,42.0,1,Station-count change,0.45167873779241063,0.39842089346122683,0.3898585023951905,0.0532578443311838,0.008562391066036346
1.0,2000.0,24.0,600.0,42.0,0,42.0,1,Station-count change,0.5338705186143284,0.48061267428314464,0.40110320059192484,0.0532578443311838,0.0795094736912198
1.0,2000.0,36.0,600.0,42.0,0,42.0,2,Station-count change,0.6160622994362462,0.5628044551050625,0.4276399027589454,0.053257844331183746,0.13516455234611707
1.0,2000.0,48.0,600.0,42.0,0,42.0,10,Station-count change,0.698254080258164,0.6449962359269803,0.4739925883332176,0.053257844331183746,0.1710036475937627
1.0,2000.0,72.0,600.0,42.0,0,42.0,14,Station-count change,0.8626376419019998,0.8093797975708158,0.6357155730219357,0.05325784433118397,0.1736642245488801
