case_id,length_mi,capacity_mt_per_year,capacity_factor,pitea_feasible,pitea_lcot_2023_usd_per_kg,pitea_diameter_in,pitea_station_count_enroute,pitea_lcot_design_differs_from_bep,h2p_derived_lcot_2023_usd_per_kg,h2p_diameter_in,h2p_station_count_enroute,h2p_lcot_design_differs_from_bep,h2p_published_bep_2023_usd_per_t,h2p_minus_pitea_lcot_2023_usd_per_kg,pitea_minus_h2p_relative_difference_pct
BEP_Q025_L0010,10.0,0.25,0.9,True,0.004650185049805208,12.0,0,False,0.004764100030165913,12.0,0,False,5.83,0.00011391498036070462,-2.391112269671161
BEP_Q050_L0010,10.0,0.5,0.9,True,0.002753912186386347,14.0,0,False,0.0031936870403240607,16.0,0,False,3.91,0.0004397748539377135,-13.770129896418714
BEP_Q100_L0010,10.0,1.0,0.9,True,0.0017446745008697397,20.0,0,False,0.0017731519386465467,20.0,0,False,2.18,2.8477437776807052e-05,-1.6060348330072596
BEP_Q500_L0010,10.0,5.0,0.9,True,0.0006464340436585058,36.0,0,False,0.000652128854255332,36.0,0,False,0.81,5.694810596826197e-06,-0.8732646254901754
BEP_Q025_L0025,25.0,0.25,0.9,True,0.01282576328287325,14.0,0,False,0.014717772588720136,16.0,0,False,18.03,0.001892009305846886,-12.855269331290954
BEP_Q050_L0025,25.0,0.5,0.9,True,0.00808058219495627,20.0,0,False,0.008137526557777669,20.0,0,False,9.97,5.6944362821399405e-05,-0.6997748322796347
BEP_Q100_L0025,25.0,1.0,0.9,True,0.004827860670366027,24.0,0,False,0.0048563310605594075,24.0,0,False,5.95,2.847039019338027e-05,-0.5862530753844596
BEP_Q500_L0025,25.0,5.0,0.9,True,0.0016451815612982192,42.0,0,False,0.001650874103926568,42.0,0,False,2.04,5.692542628348788e-06,-0.3448199117551847
BEP_Q025_L0075,75.0,0.25,0.9,True,0.04040836414819749,16.0,0,False,0.044550860214406685,20.0,0,False,54.59,0.004142496066209193,-9.298352593581592
BEP_Q050_L0075,75.0,0.5,0.9,True,0.026531008279788326,24.0,0,False,0.026587910271130714,24.0,0,False,32.58,5.6901991342388214e-05,-0.21401453052206468
BEP_Q100_L0075,75.0,1.0,0.9,True,0.016039003975500767,30.0,0,False,0.01606744871145652,30.0,0,False,19.69,2.844473595575367e-05,-0.17703330794186267
BEP_Q500_L0075,75.0,5.0,0.9,False,,,,,0.028892978374577296,48.0,1,False,30.87,,
BEP_Q025_L0100,100.0,0.25,0.9,True,0.057961453381815665,20.0,0,False,0.05807524585150731,20.0,0,False,71.16,0.0001137924696916412,-0.19593971239071006
BEP_Q050_L0100,100.0,0.5,0.9,True,0.03459816459084471,24.0,0,False,0.03465504798922386,24.0,0,False,42.46,5.688339837914974e-05,-0.16414173887982464
BEP_Q100_L0100,100.0,1.0,0.9,True,0.02090096091856655,30.0,0,False,0.020929394481403584,30.0,0,False,25.64,2.8433562837035242e-05,-0.13585468448358287
BEP_Q500_L0100,100.0,5.0,0.9,False,,,,,0.030458560294784928,48.0,1,False,32.79,,
BEP_Q025_L0200,200.0,0.25,0.9,True,0.11010413533725147,20.0,0,False,0.11021780721497657,20.0,0,False,135.08,0.00011367187772509668,-0.10313385885402625
BEP_Q050_L0200,200.0,0.5,0.9,True,0.07613531148464384,24.0,1,False,0.07927539075775861,30.0,0,False,97.12,0.003140079273114771,-3.960976089931735
BEP_Q100_L0200,200.0,1.0,0.9,True,0.05092986369394197,36.0,0,True,0.050958227896695366,36.0,0,False,62.36,2.8364202753393408e-05,-0.05566167412825755
BEP_Q500_L0200,200.0,5.0,0.9,False,,,,,0.08389401031022152,48.0,3,False,89.18,,
BEP_Q025_L0300,300.0,0.25,0.9,True,0.17083167552118714,20.0,1,False,0.18713753302495245,20.0,1,False,224.71,0.016305857503765314,-8.71330151690689
BEP_Q050_L0300,300.0,0.5,0.9,True,0.11313635598498817,24.0,1,False,0.11529844288489016,30.0,0,False,141.24,0.0021620868999019938,-1.8752091058684495
BEP_Q100_L0300,300.0,1.0,0.9,True,0.07415500880306711,36.0,0,False,0.08063635573080223,42.0,0,False,98.73,0.006481346927735124,-8.037747823540737
BEP_Q500_L0300,300.0,5.0,0.9,False,,,,,0.13709651573974654,48.0,5,False,145.3,,
BEP_Q025_L0400,400.0,0.25,0.9,True,0.22442415978651153,20.0,1,False,0.23631669255515114,20.0,1,False,285.0,0.011892532768639608,-5.0324556594173515
BEP_Q050_L0400,400.0,0.5,0.9,True,0.1504099586130994,30.0,0,True,0.150466575109875,30.0,0,False,184.33,5.661649677560221e-05,-0.037627291466067615
BEP_Q100_L0400,400.0,1.0,0.9,True,0.10513276223758936,42.0,0,False,0.10516100223648743,42.0,0,False,128.76,2.8239998898074714e-05,-0.026854060248083445
BEP_Q500_L0400,400.0,5.0,0.9,False,,,,,0.19015571491688651,48.0,7,False,201.26,,
BEP_Q025_L0500,500.0,0.25,0.9,True,0.2780381975082511,20.0,1,False,0.3076161325631981,24.0,0,True,372.25,0.02957793505494699,-9.61520932224527
BEP_Q050_L0500,500.0,0.5,0.9,True,0.18496630773515435,30.0,0,False,0.21083177997489677,30.0,1,False,253.68,0.02586547223974242,-12.268298566194414
BEP_Q100_L0500,500.0,1.0,0.9,True,0.129212895675796,42.0,0,False,0.1292410801271859,42.0,0,False,158.25,2.8184451389912102e-05,-0.02180765694791148
BEP_Q500_L0500,500.0,5.0,0.9,False,,,,,0.24311215172750333,48.0,9,False,257.07,,
BEP_Q025_L0750,750.0,0.25,0.9,True,0.4165774355027141,20.0,2,False,0.4563862166200684,20.0,3,False,545.46,0.03980878111735431,-8.7226081042001
BEP_Q050_L0750,750.0,0.5,0.9,True,0.2825514385861695,30.0,1,False,0.29533713173742937,30.0,1,False,357.23,0.01278569315125988,-4.329185793890303
BEP_Q100_L0750,750.0,1.0,0.9,True,0.19640193514331078,42.0,1,False,0.2131597456791978,42.0,1,False,256.44,0.016757810535887013,-7.861620627520951
BEP_Q500_L0750,750.0,5.0,0.9,False,,,,,0.3751859608015615,48.0,14,False,396.23,,
BEP_Q025_L1000,1000.0,0.25,0.9,True,0.551469880891811,20.0,6,True,0.598972893700439,20.0,4,False,715.61,0.04750301280862801,-7.930744998351365
BEP_Q050_L1000,1000.0,0.5,0.9,True,0.3712483863459558,30.0,1,False,0.4037486511990872,30.0,2,False,485.45,0.0325002648531314,-8.049628093272718
BEP_Q100_L1000,1000.0,1.0,0.9,True,0.25723100121571046,42.0,1,False,0.2706010659016719,42.0,1,False,326.77,0.013370064685961414,-4.940876578372269
BEP_Q500_L1000,1000.0,5.0,0.9,False,,,,,0.5069388827341339,48.0,19,False,534.98,,
BEP_Q025_L1250,1250.0,0.25,0.9,True,0.6825069159893217,20.0,11,False,0.7397786620210198,20.0,5,False,883.6,0.057271746031698156,-7.74174073570006
BEP_Q050_L1250,1250.0,0.5,0.9,True,0.463246144223988,30.0,2,False,0.48498938208027986,30.0,2,False,585.0,0.02174323785629184,-4.483239975899658
BEP_Q100_L1250,1250.0,1.0,0.9,True,0.3175425281434806,42.0,1,False,0.3521385953752281,42.0,2,False,422.06,0.03459606723174752,-9.824559899457487
BEP_Q500_L1250,1250.0,5.0,0.9,False,,,,,0.6384616547665185,48.0,24,False,673.47,,
BEP_Q025_L1500,1500.0,0.25,0.9,True,0.8117104690718469,20.0,17,True,0.9058230337685131,20.0,7,False,1077.84,0.09411256469666629,-10.389729692026926
BEP_Q050_L1500,1500.0,0.5,0.9,True,0.5518498066061344,30.0,2,False,0.5909848764015648,30.0,3,False,710.27,0.039135069795430466,-6.622008677061104
BEP_Q100_L1500,1500.0,1.0,0.9,True,0.3811031339666991,42.0,2,False,0.40781508794123994,42.0,2,False,490.24,0.026711953974540847,-6.550016113771063
BEP_Q500_L1500,1500.0,5.0,0.9,False,,,,,0.7698059812837204,48.0,29,False,811.73,,
